timestamp,machine_id,tool_wear,process_pressure,temperature,speed,defect
2026-04-26T15:02:39.571351,M-03,8.34,70.06,70.72,1181.6,no_defecto
2026-04-26T15:12:39.571351,M-04,25.48,81.29,62.72,1105.59,soldadura_fria
2026-04-26T15:22:39.571351,M-04,10.62,73.78,75.31,1083.25,no_defecto
2026-04-26T15:32:39.571351,M-04,15.31,67.17,69.56,859.6,no_defecto
2026-04-26T15:42:39.571351,M-03,22.18,62.39,68.1,856.25,no_defecto
2026-04-26T15:52:39.571351,M-05,16.28,66.01,77.11,1113.99,no_defecto
2026-04-26T16:02:39.571351,M-01,16.39,89.04,69.86,1234.15,no_defecto
2026-04-26T16:12:39.571351,M-04,14.75,76.99,74.5,1191.88,no_defecto
2026-04-26T16:22:39.571351,M-02,21.15,81.34,57.77,1038.76,no_defecto
2026-04-26T16:32:39.571351,M-02,9.86,85.6,68.29,1166.42,no_defecto
2026-04-26T16:42:39.571351,M-01,24.12,73.19,70.5,989.13,no_defecto
2026-04-26T16:52:39.571351,M-05,20.89,74.93,70.37,730.85,no_defecto
2026-04-26T17:02:39.571351,M-05,5.85,79.96,55.77,930.32,no_defecto
2026-04-26T17:12:39.571351,M-04,19.12,87.68,60.6,1160.96,no_defecto
2026-04-26T17:22:39.571351,M-02,20.45,72.63,61.88,949.09,no_defecto
2026-04-26T17:32:39.571351,M-03,19.23,74.1,74.34,832.49,no_defecto
2026-04-26T17:42:39.571351,M-03,21.37,69.78,66.12,1074.82,no_defecto
2026-04-26T17:52:39.571351,M-01,8.69,76.69,79.99,1011.89,no_defecto
2026-04-26T18:02:39.571351,M-03,10.96,84.43,73.35,854.86,no_defecto
2026-04-26T18:12:39.571351,M-05,11.25,63.57,72.49,918.98,no_defecto
2026-04-26T18:22:39.571351,M-04,6.31,94.85,65.03,1333.11,no_defecto
2026-04-26T18:32:39.571351,M-04,18.09,86.74,72.59,1248.72,no_defecto
2026-04-26T18:42:39.571351,M-03,19.77,104.78,64.33,1186.14,soldadura_fria
2026-04-26T18:52:39.571351,M-03,14.4,67.37,65.05,1043.83,no_defecto
2026-04-26T19:02:39.571351,M-04,21.72,86.49,59.8,961.26,no_defecto
2026-04-26T19:12:39.571351,M-01,9.46,80.7,65.43,838.94,no_defecto
2026-04-26T19:22:39.571351,M-01,15.88,66.67,69.14,1083.49,no_defecto
2026-04-26T19:32:39.571351,M-02,15.26,74.06,72.33,871.58,no_defecto
2026-04-26T19:42:39.571351,M-02,16.86,90.61,76.2,1006.54,no_defecto
2026-04-26T19:52:39.571351,M-01,14.66,81.07,62.17,1277.22,no_defecto
2026-04-26T20:02:39.571351,M-05,22.06,81.22,65.23,991.21,no_defecto
2026-04-26T20:12:39.571351,M-04,14.3,92.76,65.33,1339.73,no_defecto
2026-04-26T20:22:39.571351,M-03,11.91,73.64,58.01,1007.93,no_defecto
2026-04-26T20:32:39.571351,M-01,22.33,69.53,60.86,1196.76,no_defecto
2026-04-26T20:42:39.571351,M-02,12.6,77.5,73.98,983.35,no_defecto
2026-04-26T20:52:39.571351,M-03,11.31,81.2,67.59,1010.54,no_defecto
2026-04-26T21:02:39.571351,M-02,8.77,90.48,60.5,891.01,no_defecto
2026-04-26T21:12:39.571351,M-02,19.38,109.03,65.84,1028.88,desalineacion
2026-04-26T21:22:39.571351,M-04,19.83,80.98,62.83,1017.33,no_defecto
2026-04-26T21:32:39.571351,M-04,12.93,73.93,64.99,872.96,no_defecto
2026-04-26T21:42:39.571351,M-03,23.43,81.16,59.51,1013.78,no_defecto
2026-04-26T21:52:39.571351,M-03,13.64,70.44,60.49,1217.12,no_defecto
2026-04-26T22:02:39.571351,M-05,16.61,85.38,59.74,1034.18,no_defecto
2026-04-26T22:12:39.571351,M-04,15.12,116.54,69.14,1061.93,fisura
2026-04-26T22:22:39.571351,M-03,19.14,69.38,64.38,997.16,no_defecto
2026-04-26T22:32:39.571351,M-03,9.99,65.8,76.84,977.77,no_defecto
2026-04-26T22:42:39.571351,M-03,30.85,82.55,70.44,825.68,soldadura_fria
2026-04-26T22:52:39.571351,M-03,14.71,78.78,49.68,1096.18,no_defecto
2026-04-26T23:02:39.571351,M-04,17.12,84.66,63.83,900.51,no_defecto
2026-04-26T23:12:39.571351,M-05,7.41,79.91,63.03,1032.94,no_defecto
2026-04-26T23:22:39.571351,M-04,11.16,62.36,58.32,1050.12,no_defecto
2026-04-26T23:32:39.571351,M-03,12.37,84.79,82.38,1086.55,soldadura_fria
2026-04-26T23:42:39.571351,M-02,17.91,87.13,65.38,945.17,no_defecto
2026-04-26T23:52:39.571351,M-04,13.29,58.56,66.22,1157.79,no_defecto
2026-04-27T00:02:39.571351,M-03,18.16,78.2,72.4,1201.86,no_defecto
2026-04-27T00:12:39.571351,M-04,20.29,88.56,81.26,1225.31,soldadura_fria
2026-04-27T00:22:39.571351,M-05,9.79,66.39,61.82,1095.41,no_defecto
2026-04-27T00:32:39.571351,M-03,14.89,50.12,66.45,812.85,no_defecto
2026-04-27T00:42:39.571351,M-04,14.69,86.89,78.15,949.32,no_defecto
2026-04-27T00:52:39.571351,M-01,12.65,88.97,58.2,1048.88,no_defecto
2026-04-27T01:02:39.571351,M-01,9.3,85.8,70.01,1080.78,no_defecto
2026-04-27T01:12:39.571351,M-01,8.68,71.5,71.04,832.61,no_defecto
2026-04-27T01:22:39.571351,M-03,15.17,88.47,74.5,1354.09,no_defecto
2026-04-27T01:32:39.571351,M-02,19.45,82.49,59.89,787.89,no_defecto
2026-04-27T01:42:39.571351,M-03,18.37,90.86,54.61,791.6,no_defecto
2026-04-27T01:52:39.571351,M-05,14.48,64.52,69.49,1226.74,no_defecto
2026-04-27T02:02:39.571351,M-03,15.0,63.75,54.98,846.13,no_defecto
2026-04-27T02:12:39.571351,M-05,12.15,80.88,55.89,1418.82,no_defecto
2026-04-27T02:22:39.571351,M-03,22.01,83.31,58.38,1259.85,no_defecto
2026-04-27T02:32:39.571351,M-05,16.33,91.95,66.34,1142.69,no_defecto
2026-04-27T02:42:39.571351,M-02,15.94,74.59,77.38,1033.85,no_defecto
2026-04-27T02:52:39.571351,M-03,16.74,92.01,74.88,1154.91,no_defecto
2026-04-27T03:02:39.571351,M-03,18.57,78.96,68.19,1036.76,no_defecto
2026-04-27T03:12:39.571351,M-03,14.87,71.02,64.35,1010.25,no_defecto
2026-04-27T03:22:39.571351,M-03,8.23,67.66,66.87,879.13,no_defecto
2026-04-27T03:32:39.571351,M-05,19.26,86.19,75.46,1187.33,no_defecto
2026-04-27T03:42:39.571351,M-03,12.17,91.61,51.79,950.0,no_defecto
2026-04-27T03:52:39.571351,M-03,16.45,81.77,73.96,1243.09,no_defecto
2026-04-27T04:02:39.571351,M-05,16.22,75.58,70.87,1287.49,no_defecto
2026-04-27T04:12:39.571351,M-02,12.4,77.12,80.53,986.08,fisura
2026-04-27T04:22:39.571351,M-05,1.87,82.72,65.56,1152.22,no_defecto
2026-04-27T04:32:39.571351,M-05,20.4,63.92,75.4,1091.19,no_defecto
2026-04-27T04:42:39.571351,M-04,19.4,83.3,77.74,1024.27,no_defecto
2026-04-27T04:52:39.571351,M-05,10.72,80.47,74.85,1195.62,no_defecto
2026-04-27T05:02:39.571351,M-04,22.93,87.35,81.64,842.59,fisura
2026-04-27T05:12:39.571351,M-02,11.97,84.63,53.58,1231.7,no_defecto
2026-04-27T05:22:39.571351,M-03,8.79,68.12,46.94,934.91,no_defecto
2026-04-27T05:32:39.571351,M-05,17.18,86.63,71.21,1149.24,no_defecto
2026-04-27T05:42:39.571351,M-04,27.83,73.68,70.12,844.01,fisura
2026-04-27T05:52:39.571351,M-01,23.11,89.0,70.3,1091.47,no_defecto
2026-04-27T06:02:39.571351,M-05,11.04,88.4,59.01,1062.51,no_defecto
2026-04-27T06:12:39.571351,M-02,17.91,73.05,60.77,1181.15,no_defecto
2026-04-27T06:22:39.571351,M-01,5.6,65.49,63.23,975.87,no_defecto
2026-04-27T06:32:39.571351,M-04,13.46,71.8,82.34,1021.63,soldadura_fria
2026-04-27T06:42:39.571351,M-01,12.01,63.35,59.26,1029.65,no_defecto
2026-04-27T06:52:39.571351,M-01,15.47,89.55,65.16,1024.47,no_defecto
2026-04-27T07:02:39.571351,M-02,14.55,84.42,70.02,1168.3,no_defecto
2026-04-27T07:12:39.571351,M-03,20.4,90.52,78.04,889.32,no_defecto
2026-04-27T07:22:39.571351,M-04,15.0,95.04,63.23,835.43,soldadura_fria
2026-04-27T07:32:39.571351,M-05,20.53,101.81,63.62,999.37,desalineacion
2026-04-27T07:42:39.571351,M-02,11.2,79.6,62.65,1308.43,no_defecto
2026-04-27T07:52:39.571351,M-02,20.48,82.94,49.45,970.5,no_defecto
2026-04-27T08:02:39.571351,M-05,12.97,79.39,55.48,1139.32,no_defecto
2026-04-27T08:12:39.571351,M-03,10.23,88.45,60.73,1173.05,no_defecto
2026-04-27T08:22:39.571351,M-01,12.33,83.59,55.03,1072.89,no_defecto
2026-04-27T08:32:39.571351,M-03,13.8,73.37,78.52,1085.98,no_defecto
2026-04-27T08:42:39.571351,M-01,7.6,95.19,78.4,902.9,desalineacion
2026-04-27T08:52:39.571351,M-04,11.72,65.45,58.66,1098.53,no_defecto
2026-04-27T09:02:39.571351,M-01,17.59,70.98,65.93,596.83,no_defecto
2026-04-27T09:12:39.571351,M-01,13.64,87.63,75.3,957.35,no_defecto
2026-04-27T09:22:39.571351,M-03,18.2,77.83,75.24,1142.27,no_defecto
2026-04-27T09:32:39.571351,M-05,18.0,88.15,69.52,1192.32,no_defecto
2026-04-27T09:42:39.571351,M-03,7.61,65.33,70.38,1069.23,no_defecto
2026-04-27T09:52:39.571351,M-03,14.31,65.53,63.16,1068.6,no_defecto
2026-04-27T10:02:39.571351,M-05,22.75,75.68,48.44,1247.22,no_defecto
2026-04-27T10:12:39.571351,M-03,21.87,74.85,69.09,1152.58,no_defecto
2026-04-27T10:22:39.571351,M-02,17.48,90.97,62.02,942.11,no_defecto
2026-04-27T10:32:39.571351,M-02,19.78,98.63,71.77,945.44,fisura
2026-04-27T10:42:39.571351,M-02,19.23,75.41,63.64,1078.47,no_defecto
2026-04-27T10:52:39.571351,M-04,18.32,81.95,70.34,1265.67,no_defecto
2026-04-27T11:02:39.571351,M-05,16.73,66.95,69.0,780.53,no_defecto
2026-04-27T11:12:39.571351,M-01,10.3,86.33,68.89,989.87,no_defecto
2026-04-27T11:22:39.571351,M-01,16.89,71.5,75.08,815.19,no_defecto
2026-04-27T11:32:39.571351,M-05,12.89,69.31,68.02,1168.62,no_defecto
2026-04-27T11:42:39.571351,M-05,14.99,89.94,64.58,998.85,no_defecto
2026-04-27T11:52:39.571351,M-04,10.26,83.74,77.95,1150.76,no_defecto
2026-04-27T12:02:39.571351,M-04,16.33,83.72,64.94,1359.54,no_defecto
2026-04-27T12:12:39.571351,M-02,19.79,74.17,69.5,893.71,no_defecto
2026-04-27T12:22:39.571351,M-05,14.69,89.15,65.32,907.77,no_defecto
2026-04-27T12:32:39.571351,M-05,19.9,73.92,70.76,1375.74,no_defecto
2026-04-27T12:42:39.571351,M-03,9.25,99.33,65.64,860.65,soldadura_fria
2026-04-27T12:52:39.571351,M-03,13.53,86.04,82.87,1322.77,soldadura_fria
2026-04-27T13:02:39.571351,M-04,6.92,86.35,73.82,843.01,no_defecto
2026-04-27T13:12:39.571351,M-03,16.37,86.0,64.35,941.13,no_defecto
2026-04-27T13:22:39.571351,M-04,20.4,86.32,53.26,1067.78,no_defecto
2026-04-27T13:32:39.571351,M-03,11.01,73.26,85.79,1071.65,desalineacion
2026-04-27T13:42:39.571351,M-02,12.45,84.35,69.77,1205.73,no_defecto
2026-04-27T13:52:39.571351,M-01,3.01,58.63,70.94,993.89,no_defecto
2026-04-27T14:02:39.571351,M-01,15.13,62.62,68.56,798.89,no_defecto
2026-04-27T14:12:39.571351,M-04,24.6,93.74,67.45,1020.98,no_defecto
2026-04-27T14:22:39.571351,M-05,13.59,80.47,62.77,1102.4,no_defecto
2026-04-27T14:32:39.571351,M-05,6.21,69.54,68.09,859.44,no_defecto
2026-04-27T14:42:39.571351,M-01,10.4,60.76,63.65,867.5,no_defecto
2026-04-27T14:52:39.571351,M-01,15.59,86.64,62.39,864.6,no_defecto
2026-04-27T15:02:39.571351,M-01,15.98,78.37,69.71,970.45,no_defecto
2026-04-27T15:12:39.571351,M-03,9.09,90.25,68.82,1142.8,no_defecto
2026-04-27T15:22:39.571351,M-02,8.3,98.08,70.34,1265.61,fisura
2026-04-27T15:32:39.571351,M-02,27.93,86.38,73.68,1248.16,desalineacion
2026-04-27T15:42:39.571351,M-01,15.59,62.91,65.13,1055.77,no_defecto
2026-04-27T15:52:39.571351,M-01,10.88,85.63,76.46,854.83,no_defecto
2026-04-27T16:02:39.571351,M-03,2.43,75.85,66.67,1232.04,no_defecto
2026-04-27T16:12:39.571351,M-05,14.32,73.06,67.68,789.78,no_defecto
2026-04-27T16:22:39.571351,M-05,16.35,69.93,68.44,978.75,no_defecto
2026-04-27T16:32:39.571351,M-04,24.39,55.77,56.02,882.41,no_defecto
2026-04-27T16:42:39.571351,M-05,18.6,86.51,78.2,933.45,no_defecto
2026-04-27T16:52:39.571351,M-02,10.98,77.19,61.83,1149.93,no_defecto
2026-04-27T17:02:39.571351,M-03,23.68,83.46,57.91,1131.81,no_defecto
2026-04-27T17:12:39.571351,M-02,13.55,74.69,75.7,1244.55,no_defecto
2026-04-27T17:22:39.571351,M-03,10.71,81.13,66.85,891.2,no_defecto
2026-04-27T17:32:39.571351,M-01,15.21,75.07,52.58,1117.44,no_defecto
2026-04-27T17:42:39.571351,M-02,10.87,84.42,74.91,1114.18,no_defecto
2026-04-27T17:52:39.571351,M-04,17.17,74.72,66.67,775.35,no_defecto
2026-04-27T18:02:39.571351,M-04,9.11,72.4,66.96,1212.58,no_defecto
2026-04-27T18:12:39.571351,M-02,16.5,71.81,59.52,1344.51,no_defecto
2026-04-27T18:22:39.571351,M-01,9.66,70.11,66.56,1038.02,no_defecto
2026-04-27T18:32:39.571351,M-05,11.69,86.3,90.88,1101.98,desalineacion
2026-04-27T18:42:39.571351,M-01,14.68,69.91,79.05,1031.16,no_defecto
2026-04-27T18:52:39.571351,M-04,27.6,91.84,69.89,1030.17,desalineacion
2026-04-27T19:02:39.571351,M-03,14.1,77.97,58.96,934.48,no_defecto
2026-04-27T19:12:39.571351,M-04,20.33,89.46,53.04,972.08,no_defecto
2026-04-27T19:22:39.571351,M-04,16.53,81.22,76.06,1199.37,no_defecto
2026-04-27T19:32:39.571351,M-05,11.92,90.25,76.33,1165.77,no_defecto
2026-04-27T19:42:39.571351,M-02,5.55,67.27,57.83,1056.43,no_defecto
2026-04-27T19:52:39.571351,M-01,24.4,81.83,74.66,1217.65,no_defecto
2026-04-27T20:02:39.571351,M-03,5.06,87.68,67.26,1032.04,no_defecto
2026-04-27T20:12:39.571351,M-04,11.12,63.75,58.69,953.96,no_defecto
2026-04-27T20:22:39.571351,M-04,20.79,84.29,49.64,1209.75,no_defecto
2026-04-27T20:32:39.571351,M-01,10.03,81.91,66.57,937.25,no_defecto
2026-04-27T20:42:39.571351,M-03,18.04,66.57,63.53,1291.73,no_defecto
2026-04-27T20:52:39.571351,M-05,14.65,86.71,69.31,1077.65,no_defecto
2026-04-27T21:02:39.571351,M-04,12.01,94.01,75.82,1069.64,no_defecto
2026-04-27T21:12:39.571351,M-05,8.75,79.09,81.35,829.19,soldadura_fria
2026-04-27T21:22:39.571351,M-01,12.44,74.38,71.77,861.56,no_defecto
2026-04-27T21:32:39.571351,M-05,21.56,84.44,65.69,1052.39,no_defecto
2026-04-27T21:42:39.571351,M-03,8.19,90.93,69.6,1312.18,no_defecto
2026-04-27T21:52:39.571351,M-03,24.59,79.81,76.87,1100.24,no_defecto
2026-04-27T22:02:39.571351,M-03,16.03,95.09,64.28,1310.42,soldadura_fria
2026-04-27T22:12:39.571351,M-04,8.49,59.98,56.08,1188.68,no_defecto
2026-04-27T22:22:39.571351,M-02,11.41,85.45,71.68,1051.89,no_defecto
2026-04-27T22:32:39.571351,M-01,17.02,83.76,60.58,914.97,no_defecto
2026-04-27T22:42:39.571351,M-04,21.04,87.74,69.97,942.29,no_defecto
2026-04-27T22:52:39.571351,M-04,17.15,73.8,62.12,1150.66,no_defecto
2026-04-27T23:02:39.571351,M-01,20.18,89.31,62.67,1131.19,no_defecto
2026-04-27T23:12:39.571351,M-02,19.82,66.55,61.89,966.53,no_defecto
2026-04-27T23:22:39.571351,M-05,26.1,82.0,68.83,1299.55,soldadura_fria
2026-04-27T23:32:39.571351,M-05,16.28,75.4,77.36,1125.19,no_defecto
2026-04-27T23:42:39.571351,M-01,16.65,77.27,89.32,1139.84,fisura
2026-04-27T23:52:39.571351,M-02,14.11,68.28,60.03,989.54,no_defecto
2026-04-28T00:02:39.571351,M-01,18.69,78.86,60.85,843.23,no_defecto
2026-04-28T00:12:39.571351,M-05,14.74,83.62,65.46,1005.53,no_defecto
2026-04-28T00:22:39.571351,M-02,7.76,72.58,84.42,1016.07,desalineacion
2026-04-28T00:32:39.571351,M-03,21.63,97.04,76.76,963.92,desalineacion
2026-04-28T00:42:39.571351,M-05,18.13,97.53,66.27,743.63,desalineacion
2026-04-28T00:52:39.571351,M-04,12.41,75.72,63.14,859.21,no_defecto
2026-04-28T01:02:39.571351,M-03,5.68,78.24,74.56,1069.85,no_defecto
2026-04-28T01:12:39.571351,M-03,14.07,82.33,73.92,1158.8,no_defecto
2026-04-28T01:22:39.571351,M-01,14.15,61.9,63.81,666.27,no_defecto
2026-04-28T01:32:39.571351,M-01,13.95,94.55,71.36,824.9,no_defecto
2026-04-28T01:42:39.571351,M-01,9.32,63.38,69.96,864.64,no_defecto
2026-04-28T01:52:39.571351,M-04,32.22,76.71,73.52,932.04,desalineacion
2026-04-28T02:02:39.571351,M-02,24.06,83.83,77.53,1307.96,no_defecto
2026-04-28T02:12:39.571351,M-02,8.62,100.38,63.96,923.71,fisura
2026-04-28T02:22:39.571351,M-02,16.47,81.99,66.83,721.15,no_defecto
2026-04-28T02:32:39.571351,M-02,13.39,92.85,57.66,1000.69,no_defecto
2026-04-28T02:42:39.571351,M-04,16.33,67.97,68.3,903.12,no_defecto
2026-04-28T02:52:39.571351,M-05,10.05,77.77,79.1,1068.46,no_defecto
2026-04-28T03:02:39.571351,M-01,12.44,73.47,79.12,912.93,no_defecto
2026-04-28T03:12:39.571351,M-04,17.18,93.06,74.92,1296.49,no_defecto
2026-04-28T03:22:39.571351,M-03,20.41,66.32,66.53,960.39,no_defecto
2026-04-28T03:32:39.571351,M-05,25.14,56.62,70.66,972.06,fisura
2026-04-28T03:42:39.571351,M-02,22.38,95.66,66.05,1000.4,desalineacion
2026-04-28T03:52:39.571351,M-03,16.92,86.41,72.78,1076.71,no_defecto
2026-04-28T04:02:39.571351,M-01,17.84,74.84,61.97,1077.01,no_defecto
2026-04-28T04:12:39.571351,M-01,9.34,93.69,61.54,1292.61,no_defecto
2026-04-28T04:22:39.571351,M-03,19.98,61.68,55.3,1025.49,no_defecto
2026-04-28T04:32:39.571351,M-02,11.19,86.5,62.53,993.6,no_defecto
2026-04-28T04:42:39.571351,M-02,20.57,74.05,73.12,936.56,no_defecto
2026-04-28T04:52:39.571351,M-04,18.82,97.53,69.45,1174.31,soldadura_fria
2026-04-28T05:02:39.571351,M-04,21.44,70.7,70.61,906.58,no_defecto
2026-04-28T05:12:39.571351,M-02,15.35,84.28,63.45,772.7,no_defecto
2026-04-28T05:22:39.571351,M-03,23.53,74.81,78.24,929.45,no_defecto
2026-04-28T05:32:39.571351,M-03,11.07,71.89,79.11,1201.02,no_defecto
2026-04-28T05:42:39.571351,M-03,19.13,85.44,63.63,951.47,no_defecto
2026-04-28T05:52:39.571351,M-05,14.52,93.97,58.65,867.47,no_defecto
2026-04-28T06:02:39.571351,M-05,14.91,81.25,70.02,1068.65,no_defecto
2026-04-28T06:12:39.571351,M-04,19.86,86.85,73.57,986.67,no_defecto
2026-04-28T06:22:39.571351,M-03,13.57,85.99,70.58,1129.56,no_defecto
2026-04-28T06:32:39.571351,M-05,13.35,68.25,57.62,1003.42,no_defecto
2026-04-28T06:42:39.571351,M-03,12.03,78.69,52.73,786.76,no_defecto
2026-04-28T06:52:39.571351,M-04,14.29,99.79,67.59,834.43,fisura
2026-04-28T07:02:39.571351,M-01,23.35,86.14,77.25,1069.28,no_defecto
2026-04-28T07:12:39.571351,M-04,9.73,86.76,80.16,1179.37,desalineacion
2026-04-28T07:22:39.571351,M-04,21.65,85.98,73.42,1171.11,no_defecto
2026-04-28T07:32:39.571351,M-01,19.81,72.98,62.9,999.74,no_defecto
2026-04-28T07:42:39.571351,M-03,14.8,85.37,65.91,1202.21,no_defecto
2026-04-28T07:52:39.571351,M-02,11.84,72.37,80.34,943.55,soldadura_fria
2026-04-28T08:02:39.571351,M-02,18.38,87.45,59.75,1145.53,no_defecto
2026-04-28T08:12:39.571351,M-03,19.43,98.54,74.28,1370.98,soldadura_fria
2026-04-28T08:22:39.571351,M-04,17.56,81.88,77.18,945.82,no_defecto
2026-04-28T08:32:39.571351,M-03,17.81,67.92,77.11,863.07,no_defecto
2026-04-28T08:42:39.571351,M-02,11.9,76.32,65.41,1112.53,no_defecto
2026-04-28T08:52:39.571351,M-04,11.78,79.37,72.03,1160.76,no_defecto
2026-04-28T09:02:39.571351,M-02,8.84,81.04,64.64,1086.35,no_defecto
2026-04-28T09:12:39.571351,M-02,22.8,78.52,54.32,1089.33,no_defecto
2026-04-28T09:22:39.571351,M-04,21.49,64.75,70.25,1219.99,no_defecto
2026-04-28T09:32:39.571351,M-05,19.61,85.14,64.33,892.64,no_defecto
2026-04-28T09:42:39.571351,M-04,18.35,75.94,61.02,1103.52,no_defecto
2026-04-28T09:52:39.571351,M-01,8.49,68.88,75.39,1081.8,no_defecto
2026-04-28T10:02:39.571351,M-01,19.91,85.0,53.27,1033.74,no_defecto
2026-04-28T10:12:39.571351,M-01,9.38,52.12,65.11,823.46,no_defecto
2026-04-28T10:22:39.571351,M-03,8.97,68.73,71.63,1123.71,no_defecto
2026-04-28T10:32:39.571351,M-01,15.82,80.53,71.96,983.54,no_defecto
2026-04-28T10:42:39.571351,M-05,18.3,81.67,63.57,982.91,no_defecto
2026-04-28T10:52:39.571351,M-03,15.82,91.13,65.84,1109.35,no_defecto
2026-04-28T11:02:39.571351,M-03,14.27,93.31,58.83,912.07,no_defecto
2026-04-28T11:12:39.571351,M-05,9.18,86.26,66.26,816.69,no_defecto
2026-04-28T11:22:39.571351,M-04,15.87,79.44,66.67,1364.86,no_defecto
2026-04-28T11:32:39.571351,M-05,3.71,76.12,55.56,1123.48,no_defecto
2026-04-28T11:42:39.571351,M-04,16.98,85.61,72.21,1197.56,no_defecto
2026-04-28T11:52:39.571351,M-01,21.13,84.09,64.49,1065.22,no_defecto
2026-04-28T12:02:39.571351,M-03,7.42,96.22,68.18,777.03,desalineacion
2026-04-28T12:12:39.571351,M-02,18.29,77.17,50.74,1100.51,no_defecto
2026-04-28T12:22:39.571351,M-01,15.45,95.65,64.03,1226.11,desalineacion
2026-04-28T12:32:39.571351,M-05,12.33,80.7,51.47,1036.03,no_defecto
2026-04-28T12:42:39.571351,M-04,5.54,89.45,77.95,1177.34,no_defecto
2026-04-28T12:52:39.571351,M-01,17.02,64.55,66.23,1108.84,no_defecto
2026-04-28T13:02:39.571351,M-04,15.6,77.27,71.94,880.88,no_defecto
2026-04-28T13:12:39.571351,M-03,14.47,92.53,61.55,1278.24,no_defecto
2026-04-28T13:22:39.571351,M-02,8.86,94.27,63.48,1173.45,no_defecto
2026-04-28T13:32:39.571351,M-01,13.67,82.12,80.27,898.66,soldadura_fria
2026-04-28T13:42:39.571351,M-02,6.2,87.97,82.89,1127.61,desalineacion
2026-04-28T13:52:39.571351,M-01,21.66,93.42,65.67,1041.73,no_defecto
2026-04-28T14:02:39.571351,M-01,19.81,74.36,59.94,1128.27,no_defecto
2026-04-28T14:12:39.571351,M-01,15.23,70.94,77.43,978.4,no_defecto
2026-04-28T14:22:39.571351,M-02,23.25,77.53,55.41,1182.17,no_defecto
2026-04-28T14:32:39.571351,M-04,6.43,82.21,61.01,912.98,no_defecto
2026-04-28T14:42:39.571351,M-05,28.72,77.73,65.08,1288.66,desalineacion
2026-04-28T14:52:39.571351,M-02,10.83,79.94,74.32,1497.14,no_defecto
2026-04-28T15:02:39.571351,M-05,18.15,82.82,69.66,805.96,no_defecto
2026-04-28T15:12:39.571351,M-05,11.35,75.38,76.09,1020.11,no_defecto
2026-04-28T15:22:39.571351,M-04,7.61,89.77,65.62,1186.58,no_defecto
2026-04-28T15:32:39.571351,M-03,17.85,104.93,74.4,1248.51,fisura
2026-04-28T15:42:39.571351,M-04,23.84,89.28,50.21,1061.26,no_defecto
2026-04-28T15:52:39.571351,M-03,11.35,76.42,62.2,978.71,no_defecto
2026-04-28T16:02:39.571351,M-03,15.56,97.91,71.76,1192.43,fisura
2026-04-28T16:12:39.571351,M-01,17.04,88.61,73.64,1383.47,no_defecto
2026-04-28T16:22:39.571351,M-03,15.98,78.17,70.21,805.66,no_defecto
2026-04-28T16:32:39.571351,M-03,5.72,80.53,72.25,1042.23,no_defecto
2026-04-28T16:42:39.571351,M-03,18.37,84.24,54.89,1407.93,no_defecto
2026-04-28T16:52:39.571351,M-05,6.0,96.32,66.92,1092.38,soldadura_fria
2026-04-28T17:02:39.571351,M-04,13.66,88.33,59.57,1148.77,no_defecto
2026-04-28T17:12:39.571351,M-04,17.12,76.93,54.18,1169.7,no_defecto
2026-04-28T17:22:39.571351,M-04,15.4,77.29,69.1,1048.63,no_defecto
2026-04-28T17:32:39.571351,M-04,13.67,82.01,71.51,1147.05,no_defecto
2026-04-28T17:42:39.571351,M-05,24.08,81.11,65.05,1057.6,no_defecto
2026-04-28T17:52:39.571351,M-02,27.93,87.76,56.93,991.0,desalineacion
2026-04-28T18:02:39.571351,M-02,9.92,82.11,74.34,1146.79,no_defecto
2026-04-28T18:12:39.571351,M-05,5.61,81.47,74.34,1018.7,no_defecto
2026-04-28T18:22:39.571351,M-04,12.63,90.88,82.0,1083.38,desalineacion
2026-04-28T18:32:39.571351,M-04,8.14,89.57,53.67,1181.86,no_defecto
2026-04-28T18:42:39.571351,M-04,15.99,87.48,58.5,1132.37,no_defecto
2026-04-28T18:52:39.571351,M-04,6.41,84.77,74.53,964.15,no_defecto
2026-04-28T19:02:39.571351,M-05,17.61,60.38,61.76,1241.7,no_defecto
2026-04-28T19:12:39.571351,M-01,2.11,75.54,70.57,859.44,no_defecto
2026-04-28T19:22:39.571351,M-05,12.41,78.4,69.25,897.87,no_defecto
2026-04-28T19:32:39.571351,M-02,9.74,64.97,82.87,1220.28,fisura
2026-04-28T19:42:39.571351,M-01,14.48,63.83,72.97,699.64,no_defecto
2026-04-28T19:52:39.571351,M-03,9.71,90.91,86.26,1167.17,desalineacion
2026-04-28T20:02:39.571351,M-03,13.38,87.22,74.55,781.08,no_defecto
2026-04-28T20:12:39.571351,M-02,18.39,80.76,78.06,1085.92,no_defecto
2026-04-28T20:22:39.571351,M-01,18.79,83.03,46.19,714.99,no_defecto
2026-04-28T20:32:39.571351,M-01,16.39,58.18,70.14,1016.35,no_defecto
2026-04-28T20:42:39.571351,M-05,7.59,65.99,58.02,1179.97,no_defecto
2026-04-28T20:52:39.571351,M-04,18.29,76.03,55.3,1017.4,no_defecto
2026-04-28T21:02:39.571351,M-01,12.62,77.86,77.07,1347.45,no_defecto
2026-04-28T21:12:39.571351,M-04,7.41,83.18,71.8,1017.51,no_defecto
2026-04-28T21:22:39.571351,M-03,13.89,72.24,56.13,860.07,no_defecto
2026-04-28T21:32:39.571351,M-05,15.41,75.25,64.56,874.1,no_defecto
2026-04-28T21:42:39.571351,M-02,17.64,94.63,68.27,1080.12,no_defecto
2026-04-28T21:52:39.571351,M-02,21.18,75.42,69.48,1258.34,no_defecto
2026-04-28T22:02:39.571351,M-01,24.59,79.59,68.68,1170.34,no_defecto
2026-04-28T22:12:39.571351,M-02,23.58,68.56,58.91,1183.03,no_defecto
2026-04-28T22:22:39.571351,M-03,16.89,81.81,60.39,1011.6,no_defecto
2026-04-28T22:32:39.571351,M-05,4.51,91.03,70.78,1416.03,no_defecto
2026-04-28T22:42:39.571351,M-05,16.27,77.33,57.85,952.15,no_defecto
2026-04-28T22:52:39.571351,M-03,18.69,59.39,88.32,1208.36,desalineacion
2026-04-28T23:02:39.571351,M-02,12.89,82.39,59.09,659.75,no_defecto
2026-04-28T23:12:39.571351,M-01,16.81,75.44,69.84,1134.67,no_defecto
2026-04-28T23:22:39.571351,M-05,20.7,81.91,72.61,1327.37,no_defecto
2026-04-28T23:32:39.571351,M-01,15.58,80.67,70.32,1375.92,no_defecto
2026-04-28T23:42:39.571351,M-05,12.88,82.99,70.65,1082.61,no_defecto
2026-04-28T23:52:39.571351,M-02,12.5,65.51,75.15,784.29,no_defecto
2026-04-29T00:02:39.571351,M-01,19.29,67.14,51.03,1111.02,no_defecto
2026-04-29T00:12:39.571351,M-05,17.79,96.7,62.06,1218.6,soldadura_fria
2026-04-29T00:22:39.571351,M-01,12.21,79.27,71.37,840.68,no_defecto
2026-04-29T00:32:39.571351,M-04,17.58,80.56,74.0,1175.18,no_defecto
2026-04-29T00:42:39.571351,M-01,14.35,80.64,72.44,1095.06,no_defecto
2026-04-29T00:52:39.571351,M-04,4.71,87.81,72.27,1375.42,no_defecto
2026-04-29T01:02:39.571351,M-03,24.45,74.99,76.96,924.05,no_defecto
2026-04-29T01:12:39.571351,M-03,13.2,90.12,65.51,773.34,no_defecto
2026-04-29T01:22:39.571351,M-04,12.39,76.89,76.91,990.16,no_defecto
2026-04-29T01:32:39.571351,M-03,15.57,87.35,64.77,978.68,no_defecto
2026-04-29T01:42:39.571351,M-02,8.45,86.7,73.1,1109.26,no_defecto
2026-04-29T01:52:39.571351,M-02,19.5,77.0,73.99,1031.73,no_defecto
2026-04-29T02:02:39.571351,M-05,14.21,96.32,71.76,816.05,fisura
2026-04-29T02:12:39.571351,M-04,14.24,75.96,49.25,1176.13,no_defecto
2026-04-29T02:22:39.571351,M-01,17.52,73.06,62.71,947.65,no_defecto
2026-04-29T02:32:39.571351,M-04,10.62,88.87,85.55,1344.86,desalineacion
2026-04-29T02:42:39.571351,M-05,6.56,110.29,67.14,1050.3,soldadura_fria
2026-04-29T02:52:39.571351,M-03,11.76,90.23,50.49,997.57,no_defecto
2026-04-29T03:02:39.571351,M-02,18.39,86.37,80.82,697.45,fisura
2026-04-29T03:12:39.571351,M-04,9.44,82.45,49.57,686.87,no_defecto
2026-04-29T03:22:39.571351,M-01,6.54,59.4,80.78,899.5,desalineacion
2026-04-29T03:32:39.571351,M-01,20.15,81.19,59.77,595.53,no_defecto
2026-04-29T03:42:39.571351,M-05,11.82,78.99,70.56,1272.95,no_defecto
2026-04-29T03:52:39.571351,M-03,7.27,91.34,46.78,1133.1,no_defecto
2026-04-29T04:02:39.571351,M-03,11.5,87.77,59.57,1126.0,no_defecto
2026-04-29T04:12:39.571351,M-05,17.98,83.86,72.23,908.83,no_defecto
2026-04-29T04:22:39.571351,M-05,5.08,79.84,66.55,1063.49,no_defecto
2026-04-29T04:32:39.571351,M-03,10.61,80.45,75.03,1026.86,no_defecto
2026-04-29T04:42:39.571351,M-04,13.39,73.91,77.02,1142.36,no_defecto
2026-04-29T04:52:39.571351,M-03,19.35,77.89,53.15,980.07,no_defecto
2026-04-29T05:02:39.571351,M-01,17.64,78.27,54.05,1016.01,no_defecto
2026-04-29T05:12:39.571351,M-02,12.82,73.6,73.84,972.03,no_defecto
2026-04-29T05:22:39.571351,M-04,22.48,72.42,85.51,1121.48,soldadura_fria
2026-04-29T05:32:39.571351,M-05,17.64,56.85,67.5,943.71,no_defecto
2026-04-29T05:42:39.571351,M-03,12.7,80.84,55.35,1008.43,no_defecto
2026-04-29T05:52:39.571351,M-05,12.32,76.67,73.66,978.61,no_defecto
2026-04-29T06:02:39.571351,M-05,14.77,77.35,70.9,1111.12,no_defecto
2026-04-29T06:12:39.571351,M-02,18.33,78.57,61.65,783.28,no_defecto
2026-04-29T06:22:39.571351,M-05,6.73,58.34,56.81,1037.24,no_defecto
2026-04-29T06:32:39.571351,M-02,12.29,85.97,76.51,1224.88,no_defecto
2026-04-29T06:42:39.571351,M-05,29.87,82.63,73.26,880.94,soldadura_fria
2026-04-29T06:52:39.571351,M-02,16.26,88.89,62.03,1020.82,no_defecto
2026-04-29T07:02:39.571351,M-03,8.7,70.78,62.69,1278.69,no_defecto
2026-04-29T07:12:39.571351,M-05,18.61,87.19,54.73,1278.85,no_defecto
2026-04-29T07:22:39.571351,M-05,17.37,65.4,57.23,1190.22,no_defecto
2026-04-29T07:32:39.571351,M-03,10.64,91.61,67.51,971.12,no_defecto
2026-04-29T07:42:39.571351,M-03,13.99,81.61,73.05,898.41,no_defecto
2026-04-29T07:52:39.571351,M-05,20.56,102.04,69.78,825.98,desalineacion
2026-04-29T08:02:39.571351,M-03,11.36,82.78,71.79,905.63,no_defecto
2026-04-29T08:12:39.571351,M-02,8.53,81.71,61.93,1165.89,no_defecto
2026-04-29T08:22:39.571351,M-04,15.89,69.81,61.6,858.53,no_defecto
2026-04-29T08:32:39.571351,M-02,5.97,74.88,69.98,927.92,no_defecto
2026-04-29T08:42:39.571351,M-04,16.16,75.94,75.24,1112.51,no_defecto
2026-04-29T08:52:39.571351,M-02,20.53,85.9,78.14,1041.17,no_defecto
2026-04-29T09:02:39.571351,M-01,18.5,106.67,69.9,842.01,desalineacion
2026-04-29T09:12:39.571351,M-05,22.47,88.6,67.45,1194.96,no_defecto
2026-04-29T09:22:39.571351,M-03,21.31,72.35,76.63,1172.97,no_defecto
2026-04-29T09:32:39.571351,M-04,10.73,77.03,68.36,1095.51,no_defecto
2026-04-29T09:42:39.571351,M-04,20.49,72.19,60.85,1282.84,no_defecto
2026-04-29T09:52:39.571351,M-03,22.39,71.68,58.8,1047.04,no_defecto
2026-04-29T10:02:39.571351,M-03,13.26,76.0,74.92,1047.39,no_defecto
2026-04-29T10:12:39.571351,M-03,17.51,80.53,69.59,1088.31,no_defecto
2026-04-29T10:22:39.571351,M-01,20.68,97.37,70.99,877.81,desalineacion
2026-04-29T10:32:39.571351,M-03,8.01,79.96,68.48,1102.34,no_defecto
2026-04-29T10:42:39.571351,M-01,18.39,80.33,76.49,983.42,no_defecto
2026-04-29T10:52:39.571351,M-05,9.25,87.56,44.54,1216.47,no_defecto
2026-04-29T11:02:39.571351,M-05,17.68,80.43,73.15,1151.21,no_defecto
2026-04-29T11:12:39.571351,M-02,23.59,84.18,74.49,1020.33,no_defecto
2026-04-29T11:22:39.571351,M-05,13.39,72.97,82.38,900.27,soldadura_fria
2026-04-29T11:32:39.571351,M-05,11.44,77.27,53.24,1047.91,no_defecto
2026-04-29T11:42:39.571351,M-04,11.13,80.36,70.07,779.61,no_defecto
2026-04-29T11:52:39.571351,M-05,18.28,73.77,74.74,930.06,no_defecto
2026-04-29T12:02:39.571351,M-04,18.75,83.38,66.75,1119.0,no_defecto
2026-04-29T12:12:39.571351,M-01,18.57,93.73,75.25,1209.45,no_defecto
2026-04-29T12:22:39.571351,M-02,12.39,82.01,64.96,1274.5,no_defecto
2026-04-29T12:32:39.571351,M-02,20.19,90.89,69.95,1196.76,no_defecto
2026-04-29T12:42:39.571351,M-04,11.04,91.76,65.79,771.93,no_defecto
2026-04-29T12:52:39.571351,M-01,20.66,72.81,67.26,1292.58,no_defecto
2026-04-29T13:02:39.571351,M-04,17.0,84.46,77.69,879.03,no_defecto
2026-04-29T13:12:39.571351,M-02,8.82,84.42,77.21,1221.56,no_defecto
2026-04-29T13:22:39.571351,M-02,14.8,63.04,47.33,830.21,no_defecto
2026-04-29T13:32:39.571351,M-04,16.62,70.9,64.18,852.03,no_defecto
2026-04-29T13:42:39.571351,M-02,21.59,80.31,65.75,1014.83,no_defecto
2026-04-29T13:52:39.571351,M-05,20.58,71.19,77.12,1010.87,no_defecto
2026-04-29T14:02:39.571351,M-04,12.66,94.66,77.62,1226.93,no_defecto
2026-04-29T14:12:39.571351,M-02,20.19,89.17,66.96,853.33,no_defecto
2026-04-29T14:22:39.571351,M-02,12.24,94.74,63.08,815.15,no_defecto
2026-04-29T14:32:39.571351,M-04,18.95,86.23,59.06,972.28,no_defecto
2026-04-29T14:42:39.571351,M-01,9.33,89.36,74.08,859.19,no_defecto
2026-04-29T14:52:39.571351,M-02,14.9,78.65,57.43,1027.59,no_defecto
2026-04-29T15:02:39.571351,M-05,11.66,76.61,78.95,933.79,no_defecto
2026-04-29T15:12:39.571351,M-02,11.66,123.38,56.29,1142.65,fisura
2026-04-29T15:22:39.571351,M-05,12.79,73.75,79.07,1207.85,no_defecto
2026-04-29T15:32:39.571351,M-03,15.98,79.35,73.12,1218.58,no_defecto
2026-04-29T15:42:39.571351,M-05,22.5,81.95,68.94,773.51,no_defecto
2026-04-29T15:52:39.571351,M-03,10.38,92.54,68.65,1058.82,no_defecto
2026-04-29T16:02:39.571351,M-01,22.17,88.25,79.64,986.11,no_defecto
2026-04-29T16:12:39.571351,M-04,11.82,76.47,71.96,995.58,no_defecto
2026-04-29T16:22:39.571351,M-01,13.15,82.13,63.83,1132.07,no_defecto
2026-04-29T16:32:39.571351,M-01,14.03,74.47,67.65,836.85,no_defecto
2026-04-29T16:42:39.571351,M-02,5.11,88.36,63.75,1241.72,no_defecto
2026-04-29T16:52:39.571351,M-04,13.36,93.34,61.73,701.14,no_defecto
2026-04-29T17:02:39.571351,M-01,21.56,95.32,67.47,1332.46,fisura
2026-04-29T17:12:39.571351,M-04,17.57,74.67,68.11,980.95,no_defecto
2026-04-29T17:22:39.571351,M-05,15.19,84.39,63.2,1226.22,no_defecto
2026-04-29T17:32:39.571351,M-04,14.01,88.08,64.29,774.26,no_defecto
2026-04-29T17:42:39.571351,M-02,8.55,70.04,66.77,1191.71,no_defecto
2026-04-29T17:52:39.571351,M-02,22.26,90.79,75.0,941.78,no_defecto
2026-04-29T18:02:39.571351,M-02,8.86,79.33,60.5,1326.73,no_defecto
2026-04-29T18:12:39.571351,M-05,11.92,83.41,78.23,1211.93,no_defecto
2026-04-29T18:22:39.571351,M-05,7.42,81.39,55.94,908.56,no_defecto
2026-04-29T18:32:39.571351,M-05,13.34,75.02,58.6,1080.61,no_defecto
2026-04-29T18:42:39.571351,M-02,14.38,84.53,75.99,1226.65,no_defecto
2026-04-29T18:52:39.571351,M-02,12.15,84.5,60.91,1312.39,no_defecto
2026-04-29T19:02:39.571351,M-03,18.13,87.46,76.0,1188.74,no_defecto
2026-04-29T19:12:39.571351,M-04,23.9,92.24,78.53,961.58,no_defecto
2026-04-29T19:22:39.571351,M-02,16.28,90.03,72.93,1167.34,no_defecto
2026-04-29T19:32:39.571351,M-04,14.55,79.52,67.67,933.42,no_defecto
2026-04-29T19:42:39.571351,M-03,16.25,74.42,66.18,1191.6,no_defecto
2026-04-29T19:52:39.571351,M-05,12.95,65.79,71.37,1019.95,no_defecto
2026-04-29T20:02:39.571351,M-04,13.75,81.94,56.28,1041.85,no_defecto
2026-04-29T20:12:39.571351,M-05,18.38,86.43,65.36,1219.3,no_defecto
2026-04-29T20:22:39.571351,M-03,5.05,89.27,74.66,1004.44,no_defecto
2026-04-29T20:32:39.571351,M-05,9.97,87.03,66.14,1010.48,no_defecto
2026-04-29T20:42:39.571351,M-03,7.01,90.66,46.49,1350.38,no_defecto
2026-04-29T20:52:39.571351,M-02,22.95,62.36,70.08,1050.88,no_defecto
2026-04-29T21:02:39.571351,M-05,12.31,85.24,61.6,1221.07,no_defecto
2026-04-29T21:12:39.571351,M-05,8.76,91.33,82.54,1104.93,desalineacion
2026-04-29T21:22:39.571351,M-01,13.64,77.29,68.32,1173.7,no_defecto
2026-04-29T21:32:39.571351,M-02,11.08,72.4,68.52,983.43,no_defecto
2026-04-29T21:42:39.571351,M-01,12.78,95.5,77.25,954.65,desalineacion
2026-04-29T21:52:39.571351,M-05,18.25,93.26,73.25,1091.38,no_defecto
2026-04-29T22:02:39.571351,M-04,12.14,63.38,74.76,887.52,no_defecto
2026-04-29T22:12:39.571351,M-03,14.09,70.43,62.62,900.49,no_defecto
2026-04-29T22:22:39.571351,M-01,11.57,76.1,69.15,982.32,no_defecto
2026-04-29T22:32:39.571351,M-02,5.17,76.97,65.74,819.55,no_defecto
2026-04-29T22:42:39.571351,M-01,8.69,79.99,66.47,1062.98,no_defecto
2026-04-29T22:52:39.571351,M-03,2.84,86.68,65.42,967.92,no_defecto
2026-04-29T23:02:39.571351,M-04,11.52,65.9,69.56,1169.01,no_defecto
2026-04-29T23:12:39.571351,M-04,16.88,77.59,64.29,1052.13,no_defecto
2026-04-29T23:22:39.571351,M-03,12.49,87.13,61.08,1098.42,no_defecto
2026-04-29T23:32:39.571351,M-01,14.33,84.32,62.65,800.24,no_defecto
2026-04-29T23:42:39.571351,M-04,14.44,84.02,77.46,782.48,no_defecto
2026-04-29T23:52:39.571351,M-01,17.65,68.46,63.08,1073.37,no_defecto
2026-04-30T00:02:39.571351,M-02,14.79,75.67,74.45,1029.27,no_defecto
2026-04-30T00:12:39.571351,M-05,20.07,103.14,75.67,802.78,fisura
2026-04-30T00:22:39.571351,M-01,14.61,81.5,62.81,1270.48,no_defecto
2026-04-30T00:32:39.571351,M-01,22.51,78.72,74.81,1135.21,no_defecto
2026-04-30T00:42:39.571351,M-05,12.34,70.39,56.62,1156.06,no_defecto
2026-04-30T00:52:39.571351,M-03,17.95,70.9,56.93,971.67,no_defecto
2026-04-30T01:02:39.571351,M-02,10.63,72.05,61.25,959.04,no_defecto
2026-04-30T01:12:39.571351,M-02,19.06,67.19,71.71,1171.33,no_defecto
2026-04-30T01:22:39.571351,M-02,16.76,75.82,64.16,862.28,no_defecto
2026-04-30T01:32:39.571351,M-04,18.2,84.88,74.78,1005.81,no_defecto
2026-04-30T01:42:39.571351,M-03,19.51,77.32,57.62,1044.35,no_defecto
2026-04-30T01:52:39.571351,M-04,18.45,75.29,64.63,965.16,no_defecto
2026-04-30T02:02:39.571351,M-03,21.13,69.23,58.55,1154.12,no_defecto
2026-04-30T02:12:39.571351,M-03,4.82,74.82,62.38,926.76,no_defecto
2026-04-30T02:22:39.571351,M-02,10.76,72.41,75.11,1003.35,no_defecto
2026-04-30T02:32:39.571351,M-02,12.11,94.12,81.38,1067.02,soldadura_fria
2026-04-30T02:42:39.571351,M-05,14.03,82.41,54.91,1185.41,no_defecto
2026-04-30T02:52:39.571351,M-03,15.12,58.74,63.24,1136.47,no_defecto
2026-04-30T03:02:39.571351,M-02,15.54,59.75,79.29,1250.16,no_defecto
2026-04-30T03:12:39.571351,M-01,20.86,91.18,69.04,1061.58,no_defecto
2026-04-30T03:22:39.571351,M-01,13.59,88.22,64.17,891.14,no_defecto
2026-04-30T03:32:39.571351,M-01,17.14,77.0,60.0,1295.55,no_defecto
2026-04-30T03:42:39.571351,M-04,20.55,96.37,73.66,961.65,desalineacion
2026-04-30T03:52:39.571351,M-04,16.77,90.09,69.92,1019.83,no_defecto
2026-04-30T04:02:39.571351,M-02,10.68,65.13,76.33,1002.02,no_defecto
2026-04-30T04:12:39.571351,M-04,16.51,71.47,66.79,1148.7,no_defecto
2026-04-30T04:22:39.571351,M-02,11.97,73.87,61.42,976.36,no_defecto
2026-04-30T04:32:39.571351,M-04,15.91,72.96,68.84,1078.56,no_defecto
2026-04-30T04:42:39.571351,M-05,17.39,65.22,83.41,1320.95,fisura
2026-04-30T04:52:39.571351,M-03,17.24,76.52,57.13,1178.24,no_defecto
2026-04-30T05:02:39.571351,M-02,10.67,81.71,58.6,1235.85,no_defecto
2026-04-30T05:12:39.571351,M-02,20.04,80.22,70.98,1055.88,no_defecto
2026-04-30T05:22:39.571351,M-01,12.79,76.51,69.58,1011.93,no_defecto
2026-04-30T05:32:39.571351,M-04,13.77,95.09,65.6,928.39,fisura
2026-04-30T05:42:39.571351,M-04,21.82,93.62,73.36,1235.03,no_defecto
2026-04-30T05:52:39.571351,M-04,10.38,74.74,77.54,1054.67,no_defecto
2026-04-30T06:02:39.571351,M-03,24.98,66.19,60.22,836.26,no_defecto
2026-04-30T06:12:39.571351,M-05,20.08,83.02,66.08,1156.0,no_defecto
2026-04-30T06:22:39.571351,M-04,9.64,80.13,69.23,1039.1,no_defecto
2026-04-30T06:32:39.571351,M-05,4.91,69.18,80.71,1117.9,soldadura_fria
2026-04-30T06:42:39.571351,M-05,12.62,92.04,69.33,919.94,no_defecto
2026-04-30T06:52:39.571351,M-02,19.37,92.92,60.55,1183.15,no_defecto
2026-04-30T07:02:39.571351,M-04,14.46,84.91,82.71,1066.35,desalineacion
2026-04-30T07:12:39.571351,M-01,13.37,68.08,76.13,820.08,no_defecto
2026-04-30T07:22:39.571351,M-04,9.19,76.27,66.19,842.84,no_defecto
2026-04-30T07:32:39.571351,M-02,11.4,94.77,78.43,1038.97,no_defecto
2026-04-30T07:42:39.571351,M-03,16.23,80.97,73.75,1178.83,no_defecto
2026-04-30T07:52:39.571351,M-03,18.92,87.39,82.86,1204.8,desalineacion
2026-04-30T08:02:39.571351,M-05,21.5,55.93,68.12,851.8,no_defecto
2026-04-30T08:12:39.571351,M-02,9.61,70.83,58.05,804.03,no_defecto
2026-04-30T08:22:39.571351,M-05,14.09,98.4,68.37,1076.09,fisura
2026-04-30T08:32:39.571351,M-02,19.98,72.02,51.52,965.59,no_defecto
2026-04-30T08:42:39.571351,M-03,15.08,66.67,73.84,884.56,no_defecto
2026-04-30T08:52:39.571351,M-04,24.89,91.27,65.58,1184.37,no_defecto
2026-04-30T09:02:39.571351,M-01,8.45,94.44,68.96,1177.84,no_defecto
2026-04-30T09:12:39.571351,M-04,17.61,70.75,66.98,998.48,no_defecto
2026-04-30T09:22:39.571351,M-02,15.72,66.93,90.33,1160.56,desalineacion
2026-04-30T09:32:39.571351,M-03,13.62,71.4,53.88,990.33,no_defecto
2026-04-30T09:42:39.571351,M-04,19.19,78.57,58.43,1128.59,no_defecto
2026-04-30T09:52:39.571351,M-01,15.82,70.59,76.43,1152.38,no_defecto
2026-04-30T10:02:39.571351,M-01,15.86,72.76,76.36,1043.16,no_defecto
2026-04-30T10:12:39.571351,M-04,24.68,70.81,74.41,1013.15,no_defecto
2026-04-30T10:22:39.571351,M-05,14.29,73.27,68.83,838.09,no_defecto
2026-04-30T10:32:39.571351,M-04,10.01,70.56,68.5,908.66,no_defecto
2026-04-30T10:42:39.571351,M-02,19.03,83.25,69.66,1172.28,no_defecto
2026-04-30T10:52:39.571351,M-03,13.93,70.98,61.83,1176.5,no_defecto
2026-04-30T11:02:39.571351,M-01,13.01,80.5,67.02,942.18,no_defecto
2026-04-30T11:12:39.571351,M-03,16.31,73.13,66.0,1280.92,no_defecto
2026-04-30T11:22:39.571351,M-03,15.69,69.52,65.6,1171.44,no_defecto
2026-04-30T11:32:39.571351,M-03,11.11,77.13,61.4,1075.82,no_defecto
2026-04-30T11:42:39.571351,M-04,6.39,73.37,58.7,1012.56,no_defecto
2026-04-30T11:52:39.571351,M-03,3.94,81.48,86.33,1229.92,fisura
2026-04-30T12:02:39.571351,M-03,7.32,72.51,60.79,833.52,no_defecto
2026-04-30T12:12:39.571351,M-03,13.51,84.91,64.89,988.82,no_defecto
2026-04-30T12:22:39.571351,M-04,16.41,70.78,72.16,1019.63,no_defecto
2026-04-30T12:32:39.571351,M-05,14.49,88.37,71.44,1055.27,no_defecto
2026-04-30T12:42:39.571351,M-01,17.65,74.18,73.98,999.51,no_defecto
2026-04-30T12:52:39.571351,M-03,19.56,80.68,65.62,1067.78,no_defecto
2026-04-30T13:02:39.571351,M-03,16.92,81.1,54.34,1158.58,no_defecto
2026-04-30T13:12:39.571351,M-04,14.71,76.38,71.25,1196.63,no_defecto
2026-04-30T13:22:39.571351,M-01,8.57,76.36,79.32,815.06,no_defecto
2026-04-30T13:32:39.571351,M-04,7.55,67.78,81.89,962.89,desalineacion
2026-04-30T13:42:39.571351,M-02,14.98,78.3,67.57,1086.42,no_defecto
2026-04-30T13:52:39.571351,M-03,11.93,65.14,62.99,986.75,no_defecto
2026-04-30T14:02:39.571351,M-02,7.22,80.09,64.16,1015.89,no_defecto
2026-04-30T14:12:39.571351,M-02,5.82,81.05,74.47,973.46,no_defecto
2026-04-30T14:22:39.571351,M-04,12.61,87.36,79.73,1070.66,no_defecto
2026-04-30T14:32:39.571351,M-04,20.56,86.46,70.56,818.07,no_defecto
2026-04-30T14:42:39.571351,M-05,13.34,75.35,72.35,1151.2,no_defecto
2026-04-30T14:52:39.571351,M-02,17.81,83.74,59.44,1398.43,no_defecto
2026-04-30T15:02:39.571351,M-03,12.36,83.03,76.12,1039.66,no_defecto
2026-04-30T15:12:39.571351,M-01,13.77,67.38,66.88,1144.36,no_defecto
2026-04-30T15:22:39.571351,M-04,16.34,94.55,70.47,1109.4,no_defecto
2026-04-30T15:32:39.571351,M-04,8.42,82.89,81.24,781.8,desalineacion
2026-04-30T15:42:39.571351,M-02,25.41,73.58,66.44,1034.34,soldadura_fria
2026-04-30T15:52:39.571351,M-01,11.51,66.18,47.61,1069.58,no_defecto
2026-04-30T16:02:39.571351,M-02,13.61,95.14,67.9,838.08,desalineacion
2026-04-30T16:12:39.571351,M-01,3.8,76.24,67.97,1153.4,no_defecto
2026-04-30T16:22:39.571351,M-03,15.33,76.83,67.72,1145.57,no_defecto
2026-04-30T16:32:39.571351,M-05,16.58,84.83,76.95,912.36,no_defecto
2026-04-30T16:42:39.571351,M-05,18.45,69.66,68.48,1023.0,no_defecto
2026-04-30T16:52:39.571351,M-01,15.43,112.23,54.92,1091.98,fisura
2026-04-30T17:02:39.571351,M-04,19.13,91.15,62.45,741.72,no_defecto
2026-04-30T17:12:39.571351,M-01,6.86,79.01,62.67,1022.2,no_defecto
2026-04-30T17:22:39.571351,M-03,15.46,90.03,89.87,1013.17,fisura
2026-04-30T17:32:39.571351,M-03,14.14,82.1,63.5,1259.74,no_defecto
2026-04-30T17:42:39.571351,M-05,15.67,88.28,67.52,1046.38,no_defecto
2026-04-30T17:52:39.571351,M-05,9.8,81.89,60.7,994.17,no_defecto
2026-04-30T18:02:39.571351,M-05,16.0,73.62,62.26,1053.34,no_defecto
2026-04-30T18:12:39.571351,M-01,12.07,91.28,77.65,1106.67,no_defecto
2026-04-30T18:22:39.571351,M-02,16.11,84.61,59.42,1252.78,no_defecto
2026-04-30T18:32:39.571351,M-02,11.22,95.67,61.81,984.31,desalineacion
2026-04-30T18:42:39.571351,M-02,9.9,64.05,57.93,1148.6,no_defecto
2026-04-30T18:52:39.571351,M-02,15.47,66.2,65.42,1004.79,no_defecto
2026-04-30T19:02:39.571351,M-01,17.71,82.04,56.92,1019.66,no_defecto
2026-04-30T19:12:39.571351,M-01,14.75,76.44,52.9,1274.26,no_defecto
2026-04-30T19:22:39.571351,M-02,5.34,74.82,72.34,1194.34,no_defecto
2026-04-30T19:32:39.571351,M-05,19.01,80.07,70.76,970.82,no_defecto
2026-04-30T19:42:39.571351,M-02,2.76,63.62,62.61,1153.82,no_defecto
2026-04-30T19:52:39.571351,M-03,14.45,82.06,64.89,1015.63,no_defecto
2026-04-30T20:02:39.571351,M-04,17.03,84.59,75.92,1043.25,no_defecto
2026-04-30T20:12:39.571351,M-02,11.45,68.45,71.95,1208.87,no_defecto
2026-04-30T20:22:39.571351,M-01,8.5,72.45,79.13,1058.82,no_defecto
2026-04-30T20:32:39.571351,M-04,24.9,71.87,70.16,1184.87,no_defecto
2026-04-30T20:42:39.571351,M-01,15.86,86.92,61.63,1128.25,no_defecto
2026-04-30T20:52:39.571351,M-04,19.59,77.65,59.31,1235.41,no_defecto
2026-04-30T21:02:39.571351,M-03,14.18,83.12,64.08,880.08,no_defecto
2026-04-30T21:12:39.571351,M-04,8.33,76.03,69.51,1063.01,no_defecto
2026-04-30T21:22:39.571351,M-02,7.68,83.65,82.59,920.49,desalineacion
2026-04-30T21:32:39.571351,M-04,14.82,88.52,80.47,980.59,soldadura_fria
2026-04-30T21:42:39.571351,M-04,16.9,72.73,58.47,1043.02,no_defecto
2026-04-30T21:52:39.571351,M-03,12.79,73.92,83.01,1167.85,soldadura_fria
2026-04-30T22:02:39.571351,M-01,10.15,80.69,81.64,907.15,fisura
2026-04-30T22:12:39.571351,M-04,14.45,64.95,67.77,1269.8,no_defecto
2026-04-30T22:22:39.571351,M-02,9.75,73.9,61.17,947.18,no_defecto
2026-04-30T22:32:39.571351,M-05,18.66,63.23,53.73,1192.3,no_defecto
2026-04-30T22:42:39.571351,M-01,15.63,68.97,83.71,1011.7,desalineacion
2026-04-30T22:52:39.571351,M-01,20.3,77.94,71.53,847.95,no_defecto
2026-04-30T23:02:39.571351,M-01,13.09,83.26,67.55,722.76,no_defecto
2026-04-30T23:12:39.571351,M-04,19.36,82.72,70.45,1133.54,no_defecto
2026-04-30T23:22:39.571351,M-04,11.02,78.68,82.18,947.41,fisura
2026-04-30T23:32:39.571351,M-05,14.64,68.33,74.5,1286.6,no_defecto
2026-04-30T23:42:39.571351,M-03,13.77,62.95,64.8,1073.37,no_defecto
2026-04-30T23:52:39.571351,M-02,23.98,82.17,66.96,1016.56,no_defecto
2026-05-01T00:02:39.571351,M-04,21.26,77.07,62.04,1211.33,no_defecto
2026-05-01T00:12:39.571351,M-02,18.61,99.88,68.28,862.91,desalineacion
2026-05-01T00:22:39.571351,M-04,5.82,79.21,62.54,1254.42,no_defecto
2026-05-01T00:32:39.571351,M-03,13.03,78.39,61.65,1128.95,no_defecto
2026-05-01T00:42:39.571351,M-03,8.35,65.72,56.69,1043.11,no_defecto
2026-05-01T00:52:39.571351,M-01,30.16,90.02,67.12,1243.82,soldadura_fria
2026-05-01T01:02:39.571351,M-03,18.22,78.95,78.55,1183.02,no_defecto
2026-05-01T01:12:39.571351,M-01,15.21,85.7,68.82,1144.18,no_defecto
2026-05-01T01:22:39.571351,M-05,15.9,82.74,56.4,1020.44,no_defecto
2026-05-01T01:32:39.571351,M-03,19.82,85.0,72.92,976.66,no_defecto
2026-05-01T01:42:39.571351,M-02,25.77,79.12,63.8,1118.62,soldadura_fria
2026-05-01T01:52:39.571351,M-01,16.22,101.01,73.14,1232.75,desalineacion
2026-05-01T02:02:39.571351,M-02,21.46,76.87,83.93,880.65,soldadura_fria
2026-05-01T02:12:39.571351,M-03,6.62,87.48,79.0,1065.09,no_defecto
2026-05-01T02:22:39.571351,M-01,19.74,83.28,75.79,1049.0,no_defecto
2026-05-01T02:32:39.571351,M-04,22.63,93.1,55.79,1225.7,no_defecto
2026-05-01T02:42:39.571351,M-04,17.23,89.96,60.8,1230.26,no_defecto
2026-05-01T02:52:39.571351,M-01,20.2,71.12,61.84,1156.6,no_defecto
2026-05-01T03:02:39.571351,M-05,12.1,69.24,74.76,1068.59,no_defecto
2026-05-01T03:12:39.571351,M-03,11.46,74.83,75.02,944.91,no_defecto
2026-05-01T03:22:39.571351,M-02,21.43,86.16,87.59,998.08,desalineacion
2026-05-01T03:32:39.571351,M-03,21.62,80.2,62.39,1188.7,no_defecto
2026-05-01T03:42:39.571351,M-04,11.57,51.67,66.69,1102.12,no_defecto
2026-05-01T03:52:39.571351,M-03,22.32,86.39,58.01,1017.29,no_defecto
2026-05-01T04:02:39.571351,M-05,14.71,97.93,65.83,867.89,fisura
2026-05-01T04:12:39.571351,M-05,8.42,60.72,71.55,914.63,no_defecto
2026-05-01T04:22:39.571351,M-04,8.28,72.85,54.58,1081.86,no_defecto
2026-05-01T04:32:39.571351,M-04,20.2,89.98,69.88,958.2,no_defecto
2026-05-01T04:42:39.571351,M-04,13.82,82.07,72.63,722.13,no_defecto
2026-05-01T04:52:39.571351,M-05,13.72,86.78,85.88,941.81,desalineacion
2026-05-01T05:02:39.571351,M-01,18.39,92.72,53.17,916.78,no_defecto
2026-05-01T05:12:39.571351,M-01,17.74,62.66,73.69,1068.3,no_defecto
2026-05-01T05:22:39.571351,M-05,16.32,79.48,55.93,1265.71,no_defecto
2026-05-01T05:32:39.571351,M-01,22.38,82.73,78.64,944.03,no_defecto
2026-05-01T05:42:39.571351,M-04,9.34,82.8,73.64,968.2,no_defecto
2026-05-01T05:52:39.571351,M-03,23.69,77.93,65.83,919.41,no_defecto
2026-05-01T06:02:39.571351,M-03,9.42,88.54,71.38,1057.57,no_defecto
2026-05-01T06:12:39.571351,M-01,17.03,66.24,57.01,1108.5,no_defecto
2026-05-01T06:22:39.571351,M-03,14.74,82.16,67.85,1055.8,no_defecto
2026-05-01T06:32:39.571351,M-03,14.93,112.03,56.2,812.34,soldadura_fria
2026-05-01T06:42:39.571351,M-01,1.46,87.92,63.97,911.72,no_defecto
2026-05-01T06:52:39.571351,M-03,13.82,71.4,59.89,1069.87,no_defecto
2026-05-01T07:02:39.571351,M-05,7.49,73.41,64.46,1100.83,no_defecto
2026-05-01T07:12:39.571351,M-01,11.66,72.44,61.47,936.78,no_defecto
2026-05-01T07:22:39.571351,M-02,16.63,72.88,78.86,1066.74,no_defecto
2026-05-01T07:32:39.571351,M-02,10.57,73.71,63.85,870.93,no_defecto
2026-05-01T07:42:39.571351,M-04,8.87,83.77,74.75,950.86,no_defecto
2026-05-01T07:52:39.571351,M-03,13.34,75.89,78.4,1024.31,no_defecto
2026-05-01T08:02:39.571351,M-03,19.08,85.11,73.17,1120.97,no_defecto
2026-05-01T08:12:39.571351,M-04,14.3,93.98,57.4,775.38,no_defecto
2026-05-01T08:22:39.571351,M-03,13.9,70.57,66.57,1073.62,no_defecto
2026-05-01T08:32:39.571351,M-03,21.46,87.72,66.85,1237.27,no_defecto
2026-05-01T08:42:39.571351,M-04,10.28,73.46,63.21,1053.49,no_defecto
2026-05-01T08:52:39.571351,M-03,18.33,69.94,62.9,1356.93,no_defecto
2026-05-01T09:02:39.571351,M-05,10.65,56.18,51.37,897.89,no_defecto
2026-05-01T09:12:39.571351,M-02,23.18,60.76,75.25,1095.28,no_defecto
2026-05-01T09:22:39.571351,M-01,17.86,76.89,74.59,940.12,no_defecto
2026-05-01T09:32:39.571351,M-02,19.45,78.76,61.47,1140.94,no_defecto
2026-05-01T09:42:39.571351,M-04,8.86,67.81,71.25,1274.83,no_defecto
2026-05-01T09:52:39.571351,M-03,11.66,87.64,62.69,1007.88,no_defecto
2026-05-01T10:02:39.571351,M-03,14.38,90.98,72.48,1105.0,no_defecto
2026-05-01T10:12:39.571351,M-05,19.03,77.58,69.07,1065.26,no_defecto
2026-05-01T10:22:39.571351,M-04,19.52,76.19,75.1,939.21,no_defecto
2026-05-01T10:32:39.571351,M-03,19.61,73.2,71.81,724.17,no_defecto
2026-05-01T10:42:39.571351,M-03,15.0,79.51,64.76,1177.34,no_defecto
2026-05-01T10:52:39.571351,M-05,9.33,81.21,89.52,1136.21,fisura
2026-05-01T11:02:39.571351,M-05,23.65,77.3,68.68,1108.74,no_defecto
2026-05-01T11:12:39.571351,M-01,14.06,83.96,61.69,1200.02,no_defecto
2026-05-01T11:22:39.571351,M-04,22.02,73.87,61.18,1294.52,no_defecto
2026-05-01T11:32:39.571351,M-05,5.57,87.61,68.09,938.42,no_defecto
2026-05-01T11:42:39.571351,M-02,7.02,78.43,68.95,1072.32,no_defecto
2026-05-01T11:52:39.571351,M-05,15.34,89.03,73.45,1183.41,no_defecto
2026-05-01T12:02:39.571351,M-04,21.02,79.7,71.44,1114.38,no_defecto
2026-05-01T12:12:39.571351,M-03,15.65,79.34,78.93,1059.86,no_defecto
2026-05-01T12:22:39.571351,M-04,12.9,73.63,74.54,967.46,no_defecto
2026-05-01T12:32:39.571351,M-01,15.85,82.5,56.19,1133.16,no_defecto
2026-05-01T12:42:39.571351,M-04,12.33,91.15,47.9,1105.58,no_defecto
2026-05-01T12:52:39.571351,M-02,16.86,82.14,79.41,1308.73,no_defecto
2026-05-01T13:02:39.571351,M-04,7.16,53.63,56.0,1057.89,no_defecto
2026-05-01T13:12:39.571351,M-04,6.86,79.25,45.55,1144.6,no_defecto
2026-05-01T13:22:39.571351,M-01,17.65,82.56,65.51,996.79,no_defecto
2026-05-01T13:32:39.571351,M-02,19.05,78.55,67.44,933.33,no_defecto
2026-05-01T13:42:39.571351,M-02,12.55,97.06,65.55,1024.64,fisura
2026-05-01T13:52:39.571351,M-05,15.13,86.9,67.52,989.22,no_defecto
2026-05-01T14:02:39.571351,M-03,22.86,67.92,53.03,961.29,no_defecto
2026-05-01T14:12:39.571351,M-01,14.73,70.65,70.67,1025.45,no_defecto
2026-05-01T14:22:39.571351,M-03,28.16,80.81,62.34,874.38,desalineacion
2026-05-01T14:32:39.571351,M-02,12.13,66.55,65.64,931.2,no_defecto
2026-05-01T14:42:39.571351,M-02,14.74,88.41,67.26,1046.48,no_defecto
2026-05-01T14:52:39.571351,M-05,14.87,86.7,64.05,999.56,no_defecto
2026-05-01T15:02:39.571351,M-03,17.75,78.35,78.98,1007.05,no_defecto
2026-05-01T15:12:39.571351,M-05,7.35,72.6,77.12,1242.29,no_defecto
2026-05-01T15:22:39.571351,M-02,11.62,78.93,66.95,930.35,no_defecto
2026-05-01T15:32:39.571351,M-01,18.31,73.77,66.89,1267.5,no_defecto
2026-05-01T15:42:39.571351,M-03,19.07,83.12,81.99,1049.94,desalineacion
2026-05-01T15:52:39.571351,M-01,16.92,84.21,68.52,995.87,no_defecto
2026-05-01T16:02:39.571351,M-01,18.09,65.83,77.01,1213.29,no_defecto
2026-05-01T16:12:39.571351,M-02,21.51,86.36,78.82,802.69,no_defecto
2026-05-01T16:22:39.571351,M-04,10.07,91.74,62.95,1219.83,no_defecto
2026-05-01T16:32:39.571351,M-03,14.76,94.7,66.8,941.42,no_defecto
2026-05-01T16:42:39.571351,M-02,16.59,90.82,65.75,729.5,no_defecto
2026-05-01T16:52:39.571351,M-03,22.26,68.42,70.68,1370.4,no_defecto
2026-05-01T17:02:39.571351,M-04,16.7,77.76,68.98,1109.8,no_defecto
2026-05-01T17:12:39.571351,M-01,20.21,88.54,61.96,993.87,no_defecto
2026-05-01T17:22:39.571351,M-05,12.54,69.61,67.98,1228.88,no_defecto
2026-05-01T17:32:39.571351,M-01,16.86,92.71,78.49,946.89,no_defecto
2026-05-01T17:42:39.571351,M-01,21.87,83.03,69.24,1032.97,no_defecto
2026-05-01T17:52:39.571351,M-04,13.59,83.04,90.95,1003.29,fisura
2026-05-01T18:02:39.571351,M-03,12.64,78.22,64.96,1153.16,no_defecto
2026-05-01T18:12:39.571351,M-03,15.75,83.76,74.47,1095.08,no_defecto
2026-05-01T18:22:39.571351,M-02,13.58,65.58,65.13,1025.4,no_defecto
2026-05-01T18:32:39.571351,M-04,11.78,97.26,66.49,932.64,desalineacion
2026-05-01T18:42:39.571351,M-02,8.83,95.18,56.61,883.35,soldadura_fria
2026-05-01T18:52:39.571351,M-02,15.16,71.83,75.19,994.81,no_defecto
2026-05-01T19:02:39.571351,M-04,12.57,64.21,61.45,823.08,no_defecto
2026-05-01T19:12:39.571351,M-04,7.48,62.97,78.97,920.78,no_defecto
2026-05-01T19:22:39.571351,M-04,10.67,73.97,56.52,1001.78,no_defecto
2026-05-01T19:32:39.571351,M-04,14.41,73.95,51.02,1090.17,no_defecto
2026-05-01T19:42:39.571351,M-01,9.53,72.26,71.08,1224.7,no_defecto
2026-05-01T19:52:39.571351,M-02,13.79,84.39,72.36,1054.06,no_defecto
2026-05-01T20:02:39.571351,M-02,16.75,77.31,78.61,985.66,no_defecto
2026-05-01T20:12:39.571351,M-02,12.71,72.48,63.07,960.06,no_defecto
2026-05-01T20:22:39.571351,M-04,12.92,77.87,53.67,1069.1,no_defecto
2026-05-01T20:32:39.571351,M-04,14.99,97.15,75.5,1031.46,desalineacion
2026-05-01T20:42:39.571351,M-05,16.01,78.51,75.46,1016.82,no_defecto
2026-05-01T20:52:39.571351,M-03,16.69,93.45,64.35,982.96,no_defecto
2026-05-01T21:02:39.571351,M-02,14.47,92.62,65.37,1173.17,no_defecto
2026-05-01T21:12:39.571351,M-02,19.18,77.58,83.67,966.05,soldadura_fria
2026-05-01T21:22:39.571351,M-02,26.63,92.51,72.63,1303.83,desalineacion
2026-05-01T21:32:39.571351,M-02,24.22,98.32,71.04,1027.04,desalineacion
2026-05-01T21:42:39.571351,M-04,9.03,69.28,62.1,1021.78,no_defecto
2026-05-01T21:52:39.571351,M-04,19.43,84.29,65.28,810.52,no_defecto
2026-05-01T22:02:39.571351,M-02,15.99,93.46,65.67,1158.71,no_defecto
2026-05-01T22:12:39.571351,M-01,17.49,82.37,81.45,1190.22,soldadura_fria
2026-05-01T22:22:39.571351,M-05,15.09,85.98,58.01,1051.35,no_defecto
2026-05-01T22:32:39.571351,M-01,16.17,79.03,60.53,942.38,no_defecto
2026-05-01T22:42:39.571351,M-04,2.15,83.35,66.04,816.2,no_defecto
2026-05-01T22:52:39.571351,M-02,9.73,74.24,65.78,1005.47,no_defecto
2026-05-01T23:02:39.571351,M-05,7.77,61.93,55.82,867.24,no_defecto
2026-05-01T23:12:39.571351,M-03,17.16,62.64,67.95,919.3,no_defecto
2026-05-01T23:22:39.571351,M-02,10.13,79.25,58.35,1021.45,no_defecto
2026-05-01T23:32:39.571351,M-05,20.74,97.78,78.34,999.86,soldadura_fria
2026-05-01T23:42:39.571351,M-04,16.1,82.71,60.2,1036.89,no_defecto
2026-05-01T23:52:39.571351,M-02,19.72,79.12,65.86,1010.74,no_defecto
2026-05-02T00:02:39.571351,M-02,7.91,81.1,59.38,1163.65,no_defecto
2026-05-02T00:12:39.571351,M-01,11.0,61.68,64.18,925.03,no_defecto
2026-05-02T00:22:39.571351,M-01,14.6,75.95,67.8,1157.27,no_defecto
2026-05-02T00:32:39.571351,M-02,12.78,79.26,66.08,937.63,no_defecto
2026-05-02T00:42:39.571351,M-03,16.02,71.36,62.83,1143.32,no_defecto
2026-05-02T00:52:39.571351,M-02,12.43,93.35,77.14,1079.87,no_defecto
2026-05-02T01:02:39.571351,M-01,20.58,85.36,80.04,1018.95,desalineacion
2026-05-02T01:12:39.571351,M-03,18.92,66.73,55.6,795.76,no_defecto
2026-05-02T01:22:39.571351,M-05,9.02,73.27,60.11,1149.87,no_defecto
2026-05-02T01:32:39.571351,M-03,10.3,82.76,58.82,1208.67,no_defecto
2026-05-02T01:42:39.571351,M-03,13.3,71.75,73.39,1039.21,no_defecto
2026-05-02T01:52:39.571351,M-02,15.2,67.08,72.95,793.7,no_defecto
2026-05-02T02:02:39.571351,M-01,11.36,74.77,75.14,877.43,no_defecto
2026-05-02T02:12:39.571351,M-02,9.96,92.05,63.86,955.65,no_defecto
2026-05-02T02:22:39.571351,M-05,14.21,100.64,67.16,915.33,fisura
2026-05-02T02:32:39.571351,M-02,15.0,81.24,83.17,943.5,fisura
2026-05-02T02:42:39.571351,M-02,19.11,68.5,71.41,948.47,no_defecto
2026-05-02T02:52:39.571351,M-01,15.23,83.09,58.21,1397.12,no_defecto
2026-05-02T03:02:39.571351,M-02,18.71,76.64,49.46,1124.91,no_defecto
2026-05-02T03:12:39.571351,M-03,16.02,60.64,67.88,979.8,no_defecto
2026-05-02T03:22:39.571351,M-02,19.95,69.16,76.96,1065.69,no_defecto
2026-05-02T03:32:39.571351,M-03,17.28,68.3,66.44,998.3,no_defecto
2026-05-02T03:42:39.571351,M-02,18.46,70.84,80.6,962.68,desalineacion
2026-05-02T03:52:39.571351,M-05,15.22,93.27,66.05,888.68,no_defecto
2026-05-02T04:02:39.571351,M-02,21.45,71.48,65.26,1559.72,no_defecto
2026-05-02T04:12:39.571351,M-02,5.5,82.02,66.64,1195.64,no_defecto
2026-05-02T04:22:39.571351,M-03,8.95,61.08,78.73,729.56,no_defecto
2026-05-02T04:32:39.571351,M-01,17.26,59.58,58.78,768.94,no_defecto
2026-05-02T04:42:39.571351,M-03,12.07,86.23,78.59,1166.13,no_defecto
2026-05-02T04:52:39.571351,M-05,12.02,74.75,74.2,1253.33,no_defecto
2026-05-02T05:02:39.571351,M-02,15.64,59.92,66.68,1029.5,no_defecto
2026-05-02T05:12:39.571351,M-03,12.83,65.81,55.72,930.13,no_defecto
2026-05-02T05:22:39.571351,M-01,22.15,70.19,68.04,1041.91,no_defecto
2026-05-02T05:32:39.571351,M-04,16.17,81.39,78.47,1218.84,no_defecto
2026-05-02T05:42:39.571351,M-03,15.22,93.0,88.28,1333.27,fisura
2026-05-02T05:52:39.571351,M-01,18.12,82.76,69.12,916.83,no_defecto
2026-05-02T06:02:39.571351,M-01,11.71,87.44,73.15,1240.93,no_defecto
2026-05-02T06:12:39.571351,M-01,13.29,78.4,66.1,992.85,no_defecto
2026-05-02T06:22:39.571351,M-05,16.0,78.69,66.21,1221.45,no_defecto
2026-05-02T06:32:39.571351,M-02,20.31,70.41,68.98,1063.51,no_defecto
2026-05-02T06:42:39.571351,M-01,10.03,82.77,67.74,1060.51,no_defecto
2026-05-02T06:52:39.571351,M-03,6.83,73.56,85.51,929.05,desalineacion
2026-05-02T07:02:39.571351,M-02,15.78,83.99,78.5,945.32,no_defecto
2026-05-02T07:12:39.571351,M-03,20.42,64.1,73.56,1103.3,no_defecto
2026-05-02T07:22:39.571351,M-05,21.51,75.64,69.38,1063.88,no_defecto
2026-05-02T07:32:39.571351,M-02,21.45,71.69,53.15,1032.43,no_defecto
2026-05-02T07:42:39.571351,M-05,22.74,88.59,68.66,1031.82,no_defecto
2026-05-02T07:52:39.571351,M-04,16.03,88.64,58.32,998.04,no_defecto
2026-05-02T08:02:39.571351,M-05,9.53,85.0,74.35,898.42,no_defecto
2026-05-02T08:12:39.571351,M-04,12.42,85.12,70.1,994.99,no_defecto
2026-05-02T08:22:39.571351,M-04,10.65,64.46,65.66,936.66,no_defecto
2026-05-02T08:32:39.571351,M-02,19.46,81.72,67.06,1378.33,no_defecto
2026-05-02T08:42:39.571351,M-04,17.67,76.98,71.61,1061.26,no_defecto
2026-05-02T08:52:39.571351,M-01,23.61,96.64,54.13,979.59,soldadura_fria
2026-05-02T09:02:39.571351,M-01,12.49,79.12,62.82,1148.3,no_defecto
2026-05-02T09:12:39.571351,M-03,12.4,76.53,65.44,793.44,no_defecto
2026-05-02T09:22:39.571351,M-03,14.39,85.73,75.6,890.89,no_defecto
2026-05-02T09:32:39.571351,M-01,5.81,75.93,71.11,1190.79,no_defecto
2026-05-02T09:42:39.571351,M-02,14.64,94.86,74.32,892.87,no_defecto
2026-05-02T09:52:39.571351,M-02,6.74,95.02,70.85,1178.98,desalineacion
2026-05-02T10:02:39.571351,M-05,18.94,68.38,75.05,1186.35,no_defecto
2026-05-02T10:12:39.571351,M-01,18.24,81.69,73.91,1140.52,no_defecto
2026-05-02T10:22:39.571351,M-03,13.48,86.59,67.65,1006.86,no_defecto
2026-05-02T10:32:39.571351,M-05,16.85,84.51,69.31,1010.49,no_defecto
2026-05-02T10:42:39.571351,M-04,14.29,48.2,53.38,1007.81,no_defecto
2026-05-02T10:52:39.571351,M-04,17.7,78.96,59.31,1050.96,no_defecto
2026-05-02T11:02:39.571351,M-05,13.94,85.23,69.48,699.62,no_defecto
2026-05-02T11:12:39.571351,M-01,20.88,94.21,74.57,1308.01,no_defecto
2026-05-02T11:22:39.571351,M-05,12.83,85.23,77.91,1015.77,no_defecto
2026-05-02T11:32:39.571351,M-05,18.5,84.53,51.74,983.92,no_defecto
2026-05-02T11:42:39.571351,M-05,15.62,78.07,70.59,1191.27,no_defecto
2026-05-02T11:52:39.571351,M-04,12.82,64.87,76.37,833.19,no_defecto
2026-05-02T12:02:39.571351,M-04,20.46,83.73,61.67,1024.01,no_defecto
2026-05-02T12:12:39.571351,M-02,15.07,72.64,59.89,1044.63,no_defecto
2026-05-02T12:22:39.571351,M-05,19.98,85.35,58.75,890.39,no_defecto
2026-05-02T12:32:39.571351,M-02,13.99,95.79,55.77,1081.02,fisura
2026-05-02T12:42:39.571351,M-02,15.33,72.59,55.82,1201.79,no_defecto
2026-05-02T12:52:39.571351,M-03,10.11,90.78,75.28,972.55,no_defecto
2026-05-02T13:02:39.571351,M-03,18.25,84.63,68.47,1116.66,no_defecto
2026-05-02T13:12:39.571351,M-04,12.78,85.76,81.8,976.95,soldadura_fria
2026-05-02T13:22:39.571351,M-01,16.71,76.15,61.33,875.41,no_defecto
2026-05-02T13:32:39.571351,M-01,7.34,88.35,64.21,1071.98,no_defecto
2026-05-02T13:42:39.571351,M-04,16.09,91.05,78.76,1003.41,no_defecto
2026-05-02T13:52:39.571351,M-04,14.76,78.93,76.29,896.81,no_defecto
2026-05-02T14:02:39.571351,M-04,18.64,89.97,62.97,969.5,no_defecto
2026-05-02T14:12:39.571351,M-02,10.79,96.79,56.68,1330.55,fisura
2026-05-02T14:22:39.571351,M-02,17.15,74.27,62.79,1233.66,no_defecto
2026-05-02T14:32:39.571351,M-05,13.84,83.25,66.28,1023.03,no_defecto
2026-05-02T14:42:39.571351,M-04,4.96,89.26,55.12,1138.74,no_defecto
2026-05-02T14:52:39.571351,M-03,18.28,71.24,58.2,1140.38,no_defecto
2026-05-02T15:02:39.571351,M-02,9.04,77.02,75.81,1427.91,no_defecto
2026-05-02T15:12:39.571351,M-05,2.99,87.16,61.08,1280.21,no_defecto
2026-05-02T15:22:39.571351,M-03,13.63,68.94,57.36,1036.79,no_defecto
2026-05-02T15:32:39.571351,M-05,4.18,79.71,79.6,951.19,no_defecto
2026-05-02T15:42:39.571351,M-04,13.45,80.21,67.64,1148.26,no_defecto
2026-05-02T15:52:39.571351,M-02,11.93,73.76,61.95,967.93,no_defecto
2026-05-02T16:02:39.571351,M-04,15.55,68.47,63.91,1520.47,no_defecto
2026-05-02T16:12:39.571351,M-05,14.81,79.42,74.01,1212.51,no_defecto
2026-05-02T16:22:39.571351,M-04,18.58,90.23,83.92,1100.66,fisura
2026-05-02T16:32:39.571351,M-02,13.52,87.82,66.48,837.23,no_defecto
2026-05-02T16:42:39.571351,M-04,18.51,79.36,65.98,764.01,no_defecto
2026-05-02T16:52:39.571351,M-03,9.57,84.75,73.16,912.66,no_defecto
2026-05-02T17:02:39.571351,M-04,19.83,83.15,80.43,995.32,fisura
2026-05-02T17:12:39.571351,M-02,19.38,94.11,74.66,961.86,no_defecto
2026-05-02T17:22:39.571351,M-01,25.71,92.18,64.82,1305.78,desalineacion
2026-05-02T17:32:39.571351,M-03,3.63,91.26,70.77,1209.09,no_defecto
2026-05-02T17:42:39.571351,M-04,15.69,92.22,61.33,914.05,no_defecto
2026-05-02T17:52:39.571351,M-05,10.51,95.28,59.63,671.11,fisura
2026-05-02T18:02:39.571351,M-02,15.19,78.49,76.19,913.25,no_defecto
2026-05-02T18:12:39.571351,M-04,13.9,54.98,82.9,1131.11,desalineacion
2026-05-02T18:22:39.571351,M-04,9.34,74.55,59.62,1153.24,no_defecto
2026-05-02T18:32:39.571351,M-05,8.19,89.25,58.39,1081.01,no_defecto
2026-05-02T18:42:39.571351,M-01,20.06,82.36,65.11,1093.39,no_defecto
2026-05-02T18:52:39.571351,M-05,13.82,67.42,54.54,1142.79,no_defecto
2026-05-02T19:02:39.571351,M-03,10.6,74.11,71.5,1073.27,no_defecto
2026-05-02T19:12:39.571351,M-04,14.89,93.51,66.8,941.96,no_defecto
2026-05-02T19:22:39.571351,M-02,9.78,77.12,59.78,1085.43,no_defecto
2026-05-02T19:32:39.571351,M-03,22.8,88.06,69.86,952.31,no_defecto
2026-05-02T19:42:39.571351,M-05,12.21,66.42,63.24,993.55,no_defecto
2026-05-02T19:52:39.571351,M-03,25.23,93.3,71.4,1068.99,fisura
2026-05-02T20:02:39.571351,M-04,18.98,81.71,52.84,933.61,no_defecto
2026-05-02T20:12:39.571351,M-02,13.02,77.41,64.27,1074.7,no_defecto
2026-05-02T20:22:39.571351,M-01,17.76,101.65,67.94,1014.15,desalineacion
2026-05-02T20:32:39.571351,M-02,20.8,63.46,61.9,915.84,no_defecto
2026-05-02T20:42:39.571351,M-03,19.78,69.38,75.08,908.17,no_defecto
2026-05-02T20:52:39.571351,M-01,19.46,80.72,70.12,982.25,no_defecto
2026-05-02T21:02:39.571351,M-03,7.47,87.57,65.06,1157.08,no_defecto
2026-05-02T21:12:39.571351,M-04,11.48,87.13,64.67,1157.57,no_defecto
2026-05-02T21:22:39.571351,M-05,9.79,68.94,66.98,1218.63,no_defecto
2026-05-02T21:32:39.571351,M-04,8.53,73.49,73.33,875.63,no_defecto
2026-05-02T21:42:39.571351,M-01,20.89,82.91,57.0,1297.4,no_defecto
2026-05-02T21:52:39.571351,M-04,16.29,80.3,75.67,820.06,no_defecto
2026-05-02T22:02:39.571351,M-02,9.06,80.86,60.75,1249.02,no_defecto
2026-05-02T22:12:39.571351,M-03,20.82,81.53,66.44,1210.88,no_defecto
2026-05-02T22:22:39.571351,M-05,17.03,83.74,61.98,1135.06,no_defecto
2026-05-02T22:32:39.571351,M-03,14.51,82.77,70.62,872.68,no_defecto
2026-05-02T22:42:39.571351,M-04,13.2,86.09,72.78,982.52,no_defecto
2026-05-02T22:52:39.571351,M-04,22.9,73.89,72.2,937.78,no_defecto
2026-05-02T23:02:39.571351,M-01,8.17,81.6,81.74,911.19,soldadura_fria
2026-05-02T23:12:39.571351,M-01,10.05,83.63,69.28,986.52,no_defecto
2026-05-02T23:22:39.571351,M-03,11.2,78.82,61.3,1361.96,no_defecto
2026-05-02T23:32:39.571351,M-03,20.46,82.04,89.1,1088.15,desalineacion
2026-05-02T23:42:39.571351,M-05,14.9,89.93,68.03,1056.6,no_defecto
2026-05-02T23:52:39.571351,M-05,13.12,79.94,65.99,982.92,no_defecto
2026-05-03T00:02:39.571351,M-04,12.55,84.74,73.88,891.7,no_defecto
2026-05-03T00:12:39.571351,M-04,15.07,82.75,83.7,1233.14,soldadura_fria
2026-05-03T00:22:39.571351,M-05,14.65,78.67,64.41,973.82,no_defecto
2026-05-03T00:32:39.571351,M-01,12.69,72.61,71.66,1097.38,no_defecto
2026-05-03T00:42:39.571351,M-05,12.13,83.17,59.18,870.66,no_defecto
2026-05-03T00:52:39.571351,M-04,27.39,63.15,56.49,1130.57,fisura
2026-05-03T01:02:39.571351,M-02,10.02,73.91,74.82,1020.99,no_defecto
2026-05-03T01:12:39.571351,M-02,16.2,84.55,67.89,1084.69,no_defecto
2026-05-03T01:22:39.571351,M-05,21.46,85.92,70.96,1023.74,no_defecto
2026-05-03T01:32:39.571351,M-04,11.8,81.47,56.92,942.56,no_defecto
2026-05-03T01:42:39.571351,M-02,16.62,85.09,69.56,1270.97,no_defecto
2026-05-03T01:52:39.571351,M-05,16.5,88.32,66.82,861.9,no_defecto
2026-05-03T02:02:39.571351,M-05,15.98,87.66,56.81,1237.72,no_defecto
2026-05-03T02:12:39.571351,M-02,10.21,98.36,74.81,1242.51,desalineacion
2026-05-03T02:22:39.571351,M-01,18.79,79.6,60.51,1150.61,no_defecto
2026-05-03T02:32:39.571351,M-01,14.48,84.65,67.19,778.01,no_defecto
2026-05-03T02:42:39.571351,M-04,23.84,65.0,69.66,1056.66,no_defecto
2026-05-03T02:52:39.571351,M-03,13.45,85.63,66.66,1053.03,no_defecto
2026-05-03T03:02:39.571351,M-01,13.34,68.41,57.46,845.09,no_defecto
2026-05-03T03:12:39.571351,M-05,12.02,79.73,71.76,730.67,no_defecto
2026-05-03T03:22:39.571351,M-05,20.75,76.21,77.4,937.96,no_defecto
2026-05-03T03:32:39.571351,M-04,26.01,85.36,68.61,880.66,desalineacion
2026-05-03T03:42:39.571351,M-05,21.71,96.96,70.04,1265.13,desalineacion
2026-05-03T03:52:39.571351,M-05,16.78,76.05,68.18,1125.39,no_defecto
2026-05-03T04:02:39.571351,M-03,20.6,88.84,57.02,1152.07,no_defecto
2026-05-03T04:12:39.571351,M-04,26.98,62.1,61.4,1179.59,fisura
2026-05-03T04:22:39.571351,M-04,21.9,96.17,65.5,1035.86,desalineacion
2026-05-03T04:32:39.571351,M-04,21.47,63.63,64.53,1062.43,no_defecto
2026-05-03T04:42:39.571351,M-02,16.49,94.01,63.26,1091.74,no_defecto
2026-05-03T04:52:39.571351,M-01,12.3,75.32,68.78,1164.62,no_defecto
2026-05-03T05:02:39.571351,M-03,17.12,84.32,57.07,890.05,no_defecto
2026-05-03T05:12:39.571351,M-01,19.45,66.45,67.59,1108.55,no_defecto
2026-05-03T05:22:39.571351,M-02,12.3,83.7,75.59,996.7,no_defecto
2026-05-03T05:32:39.571351,M-01,13.28,83.63,70.62,859.61,no_defecto
2026-05-03T05:42:39.571351,M-01,19.21,81.67,53.85,1075.97,no_defecto
2026-05-03T05:52:39.571351,M-03,11.55,85.91,68.5,688.08,no_defecto
2026-05-03T06:02:39.571351,M-05,5.93,92.43,74.94,1007.44,no_defecto
2026-05-03T06:12:39.571351,M-01,8.61,103.56,72.58,1061.41,fisura
2026-05-03T06:22:39.571351,M-02,18.28,64.2,75.05,778.91,no_defecto
2026-05-03T06:32:39.571351,M-05,9.16,59.96,80.15,1223.23,soldadura_fria
2026-05-03T06:42:39.571351,M-01,22.85,76.38,64.63,1231.13,no_defecto
2026-05-03T06:52:39.571351,M-04,19.69,87.35,56.73,1032.6,no_defecto
2026-05-03T07:02:39.571351,M-05,13.49,98.2,67.24,1108.17,soldadura_fria
2026-05-03T07:12:39.571351,M-04,17.08,64.07,72.85,1123.51,no_defecto
2026-05-03T07:22:39.571351,M-02,11.04,87.9,51.87,1151.03,no_defecto
2026-05-03T07:32:39.571351,M-04,13.28,76.53,74.46,1116.79,no_defecto
2026-05-03T07:42:39.571351,M-03,9.67,72.98,57.28,1045.38,no_defecto
2026-05-03T07:52:39.571351,M-04,16.65,93.92,71.99,777.19,no_defecto
2026-05-03T08:02:39.571351,M-01,17.24,78.14,66.97,1181.13,no_defecto
2026-05-03T08:12:39.571351,M-01,17.63,89.46,69.03,1108.38,no_defecto
2026-05-03T08:22:39.571351,M-05,12.77,97.39,83.12,1139.12,desalineacion
2026-05-03T08:32:39.571351,M-05,13.51,81.4,67.12,1150.14,no_defecto
2026-05-03T08:42:39.571351,M-05,7.73,67.73,90.24,844.59,fisura
2026-05-03T08:52:39.571351,M-04,6.45,77.08,70.98,975.82,no_defecto
2026-05-03T09:02:39.571351,M-01,14.78,77.39,70.56,1125.98,no_defecto
2026-05-03T09:12:39.571351,M-04,20.28,96.67,67.92,1124.97,soldadura_fria
2026-05-03T09:22:39.571351,M-01,13.97,69.75,86.61,915.42,soldadura_fria
2026-05-03T09:32:39.571351,M-05,21.36,81.07,63.34,1204.52,no_defecto
2026-05-03T09:42:39.571351,M-04,15.13,85.28,52.91,1124.51,no_defecto
2026-05-03T09:52:39.571351,M-04,10.73,90.38,57.71,1109.99,no_defecto
2026-05-03T10:02:39.571351,M-01,9.62,74.51,71.95,1139.85,no_defecto
2026-05-03T10:12:39.571351,M-03,16.02,84.51,52.29,795.46,no_defecto
2026-05-03T10:22:39.571351,M-05,9.51,96.89,63.7,1254.79,fisura
2026-05-03T10:32:39.571351,M-01,8.38,84.42,79.73,1189.62,no_defecto
2026-05-03T10:42:39.571351,M-02,16.66,73.69,73.07,974.94,no_defecto
2026-05-03T10:52:39.571351,M-04,15.6,88.84,68.94,1294.34,no_defecto
2026-05-03T11:02:39.571351,M-01,24.03,73.03,77.23,1017.38,no_defecto
2026-05-03T11:12:39.571351,M-03,22.54,91.34,66.47,1237.24,no_defecto
2026-05-03T11:22:39.571351,M-04,23.84,82.36,74.98,896.16,no_defecto
2026-05-03T11:32:39.571351,M-05,12.26,84.9,65.5,937.81,no_defecto
2026-05-03T11:42:39.571351,M-04,14.65,76.79,72.99,1146.19,no_defecto
2026-05-03T11:52:39.571351,M-02,16.6,63.68,59.59,897.15,no_defecto
2026-05-03T12:02:39.571351,M-04,16.65,76.16,67.15,962.76,no_defecto
2026-05-03T12:12:39.571351,M-01,23.33,68.03,81.43,1064.5,soldadura_fria
2026-05-03T12:22:39.571351,M-04,17.55,73.14,75.04,975.24,no_defecto
2026-05-03T12:32:39.571351,M-05,13.57,76.28,70.02,956.32,no_defecto
2026-05-03T12:42:39.571351,M-03,17.16,104.68,60.44,1233.88,fisura
2026-05-03T12:52:39.571351,M-04,3.91,89.34,70.0,1155.36,no_defecto
2026-05-03T13:02:39.571351,M-02,7.98,96.21,61.68,866.84,desalineacion
2026-05-03T13:12:39.571351,M-04,14.05,72.16,66.98,990.13,no_defecto
2026-05-03T13:22:39.571351,M-01,23.04,83.84,68.3,1376.43,no_defecto
2026-05-03T13:32:39.571351,M-03,16.01,61.95,68.59,829.95,no_defecto
